类别,关键词,月均搜索量,特色,竞争激烈程度
品牌词,wps,314578.0,-,中
品牌词,WPS,156299.0,-,中
品牌词,金山文档,126969.0,高频热搜词,高
品牌词,wps免费版,94290.0,-,中
品牌词,wps下载,89568.0,-,中
品牌词,wps office,69450.0,-,中
品牌词,wps.,69286.0,-,中
品牌词,文档,43712.0,-,高
品牌词,wps是什么意思,29276.0,-,中
品牌词,wps office下载,29108.0,-,高
品牌词,wps历史版本下载,20436.0,-,中
品牌词,wps电脑版本,17525.0,-,中
品牌词,wps版本,17468.0,-,中
品牌词,wps下载手机版,15593.0,-,中
品牌词,wps正版软件,15298.0,-,中
品牌词,wps电脑版下载中文版正版,14548.0,-,中
品牌词,wps下载安装免费2019,13668.0,-,中
品牌词,中文版下载wps,12206.0,-,中
品牌词,wps免费版最新版,11713.0,-,中
品牌词,wps下载并安装,9877.0,-,中
品牌词,wpsoffice,9051.0,-,高
品牌词,wps正版下载,8393.0,-,中
品牌词,wps ai,7830.0,高频热搜词,高
品牌词,wps表格,7541.0,-,中
品牌词,wps.com,6450.0,-,中
品牌词,金山文档网页版登录入口,5773.0,高频热搜词,高
品牌词,办公软件wps,5128.0,-,中
品牌词,金山在线文档,4897.0,高频热搜词,高
品牌词,wps下载安装软件,3970.0,-,中
品牌词,wpsoffice是什么意思,3878.0,-,低
品牌词,金山文档下载,3867.0,高频热搜词,高
品牌词,wpspc版电脑下载,3514.0,-,中
品牌词,wps下载linux,3502.0,-,中
品牌词,office 2016,3425.0,高频热搜词,低
品牌词,wps电脑版电脑版下载,3251.0,-,中
品牌词,wps电脑版最新,3057.0,-,中
品牌词,wps电脑版安装,3001.0,-,中
品牌词,金山文档网页版,2903.0,高频热搜词,高
品牌词,wps下载网址,2625.0,-,中
品牌词,wps office是干什么的,2604.0,-,高
品牌词,WPS软件下载,2548.0,-,中
品牌词,wpsoffice软件下载,2547.0,-,中
品牌词,下载wps软件,2411.0,-,中
品牌词,金山文档 | wps云文档,2400.0,高频热搜词,高
品牌词,office 2007,2007.0,"高频热搜词,黑马词",低
品牌词,wpsapp下载,1844.0,-,中
品牌词,wps office官网,1470.0,-,低
品牌词,wps 官网,1436.0,高频热搜词,低
品牌词,文本文档,1387.0,高频热搜词,高
品牌词,wps是什么,1333.0,-,中
品牌词,wps mac,1297.0,高频热搜词,高
品牌词,wps是干嘛的,1292.0,-,中
品牌词,wpspc版安装包,1245.0,-,中
品牌词,office 2013,1220.0,"高频热搜词,黑马词",低
品牌词,打开金山文档,1157.0,高频热搜词,高
品牌词,wps和office有什么区别,1096.0,-,高
品牌词,wps文档,1025.0,-,中
品牌词,wps官,1013.0,-,中
品牌词,下载wps手机版,992.0,-,中
品牌词,金山文档在线编辑,978.0,-,中
品牌词,wps mac版本,947.0,高频热搜词,低
品牌词,金山文档手机版下载,920.0,高频热搜词,高
品牌词,wps什么意思,910.0,-,中
品牌词,金山文档app,886.0,高频热搜词,高
品牌词,金山文档官网,854.0,高频热搜词,高
品牌词,金山文档在线,812.0,高频热搜词,高
品牌词,wps怎么做表格,811.0,高频热搜词,高
品牌词,wps office安卓版下载,809.0,-,低
品牌词,wps 2019,784.0,高频热搜词,高
品牌词,wps电脑版下载,734.0,-,中
品牌词,wps最新版本,715.0,-,中
品牌词,wps office安卓下载,702.0,-,中
品牌词,金山文档wps云文档,692.0,高频热搜词,高
品牌词,wps下载软件,669.0,-,中
品牌词,office excel,660.0,高频热搜词,高
品牌词,金山共享文档,651.0,高频热搜词,高
品牌词,wps for mac,636.0,高频热搜词,高
品牌词,wps下载手机版安卓免费,622.0,-,中
品牌词,wps office pc,614.0,-,低
品牌词,wpsoffice是什么软件,614.0,-,低
品牌词,wps和office哪个好用,608.0,-,高
品牌词,wps电脑版,586.0,-,中
品牌词,wps pc版,558.0,高频热搜词,高
品牌词,wps合并单元格,552.0,高频热搜词,高
品牌词,wpsoffice免费下载,527.0,-,中
品牌词,wps office怎么读,517.0,-,低
品牌词,免费下载安装wps,513.0,-,中
品牌词,office 软件,499.0,高频热搜词,高
品牌词,wps cloud files,493.0,-,低
品牌词,wpsoffice官网,491.0,-,低
品牌词,下载金山文档免费版,485.0,高频热搜词,高
品牌词,wps office免费版下载,482.0,-,中
品牌词,wps电脑版下载官网,475.0,-,中
品牌词,金山文档怎么创建,473.0,-,中
品牌词,office和wps的区别,461.0,-,低
品牌词,wps office办公软件,459.0,-,高
品牌词,office 2016 下载,457.0,高频热搜词,低
品牌词,wpsoffice官方免费下载,439.0,-,中
品牌词,wps金山文档,437.0,高频热搜词,高
品牌词,wps模式,428.0,-,中
品牌词,w p s,405.0,-,中
品牌词,wps是什么软件,403.0,-,中
品牌词,wpsaippt,395.0,高频热搜词,低
品牌词,wps软件,370.0,-,中
品牌词,wps office个人版是免费的吗,369.0,-,低
品牌词,wps office免费版,369.0,-,高
品牌词,wps下载官方版,369.0,-,中
品牌词,wps下载手机手机版免费,369.0,-,中
品牌词,wpsai,368.0,-,中
品牌词,wpsoffice下载,368.0,-,高
品牌词,w文档,366.0,高频热搜词,高
品牌词,w ps,365.0,-,中
品牌词,wps office中文叫什么,363.0,-,低
品牌词,wps office是什么软件,349.0,-,高
品牌词,wps office手机版,344.0,-,高
品牌词,wps怎么调整行间距,343.0,-,中
品牌词,ms office和wps office的区别,341.0,-,低
品牌词,金山文档怎么转换成word文档,341.0,高频热搜词,高
品牌词,金山文档云文档,337.0,高频热搜词,高
品牌词,wps office是什么意思,328.0,-,低
品牌词,wps office破解版,323.0,-,低
品牌词,wps官方正版下载,323.0,-,中
品牌词,下载wps手机版本免费版,322.0,-,中
品牌词,手机wps下载并安装,319.0,-,中
品牌词,wps pc,316.0,高频热搜词,低
品牌词,wps和office有啥区别,310.0,-,低
品牌词,手机wps,308.0,高频热搜词,高
品牌词,wps office tv版,302.0,-,低
品牌词,wps安装包,299.0,-,中
品牌词,金山文档电脑网页版,298.0,高频热搜词,高
品牌词,wps安卓版下载,297.0,-,中
品牌词,金山wps云文档,294.0,高频热搜词,高
品牌词,金山文档怎么做表格,292.0,-,高
品牌词,wps怎么,288.0,-,中
品牌词,mac wps,283.0,高频热搜词,高
品牌词,下载wps,281.0,-,中
品牌词,wps word,273.0,-,中
品牌词,wps官网入口下载,271.0,-,中
品牌词,wps office 下载,270.0,-,高
品牌词,本地文档,270.0,高频热搜词,高
品牌词,wps office网页版,269.0,-,低
品牌词,wps app,269.0,高频热搜词,低
品牌词,wps ai功能,268.0,高频热搜词,高
品牌词,wps ai功能怎么打开,267.0,高频热搜词,高
品牌词,wps办公软件,261.0,-,中
品牌词,wps 2016,260.0,高频热搜词,高
品牌词,wps pro,259.0,高频热搜词,高
品牌词,wpsofflce,258.0,-,中
品牌词,wps 专业版,256.0,高频热搜词,高
品牌词,wps文字,253.0,-,中
品牌词,wpsoffice 软件下载,249.0,-,中
品牌词,wps office 2019,248.0,-,低
品牌词,欢迎使用 wps office,246.0,-,低
品牌词,金山文档app下载,246.0,-,中
品牌词,wps office教育版,242.0,-,低
品牌词,wps宏,241.0,高频热搜词,中
品牌词,职场用office还是wps多,240.0,-,低
品牌词,wps破解版免费永久使用下载,237.0,-,中
品牌词,wps电脑版安装包,237.0,-,中
品牌词,金山文档app下载安装,231.0,-,中
品牌词,wps office电脑版,222.0,高频热搜词,高
品牌词,wpsoffice和wps365有啥区别,218.0,-,低
品牌词,wps与office的区别,215.0,-,低
品牌词,wps officeapp下载,214.0,-,中
品牌词,wps官网下载,213.0,-,中
品牌词,wps安装,212.0,-,中
品牌词,wps office 手机版,212.0,-,高
品牌词,wps多一页空白删不掉,208.0,-,低
品牌词,wps office下载免费版,208.0,-,高
品牌词,wps0ffice,206.0,-,低
品牌词,wps xp版,206.0,-,高
品牌词,金山文档免费下载安装,203.0,高频热搜词,低
品牌词,电脑版wps下载,203.0,-,中
品牌词,office和wps区别,202.0,-,高
品牌词,wps政企版下载,201.0,-,低
品牌词,wps office个人版,200.0,-,低
品牌词,wps怎么用,197.0,-,中
品牌词,wps office旧版本下载,193.0,-,高
品牌词,wpsoffice网页版,192.0,-,低
品牌词,wps office官方下载,189.0,-,中
品牌词,wps模板在哪里,188.0,-,低
品牌词,wps删除空行,187.0,-,低
品牌词,wps office 2016,187.0,-,高
品牌词,金山文档下载并安装,186.0,高频热搜词,高
品牌词,wps office电脑版下载,178.0,-,低
品牌词,wpsai在哪里打开,176.0,-,中
品牌词,wps很卡,166.0,高频热搜词,中
品牌词,wps office官网下载,165.0,-,低
品牌词,wpsoffice手机版,165.0,-,低
品牌词,金山文档免费下载,159.0,-,中
品牌词,金山在线文档怎么创建,159.0,高频热搜词,低
品牌词,下载wps软件并安装,157.0,-,中
品牌词,msoffice和wpsoffice的区别,156.0,-,低
品牌词,wps office 官网,154.0,-,低
品牌词,wps office专业版,153.0,-,高
品牌词,金山文档和wps什么关系,152.0,高频热搜词,低
品牌词,wps工作组怎么取消,149.0,-,低
品牌词,wps是啥,148.0,-,中
品牌词,wpsai怎么关闭,147.0,-,中
品牌词,wps offic,147.0,高频热搜词,高
品牌词,office和wps,147.0,-,高
品牌词,wps移动版app下载,147.0,-,中
品牌词,wps和office哪个好,146.0,-,高
品牌词,wps365和wpsoffice区别,146.0,-,低
品牌词,wps空白下划线______怎么打,145.0,-,低
品牌词,wps电话人工服务,145.0,高频热搜词,低
品牌词,wps和office能兼容吗,144.0,-,低
品牌词,wps目录怎么显示在左边,142.0,"高频热搜词,黑马词",低
品牌词,wps怎么做ppt,141.0,高频热搜词,高
品牌词,wps教育版官方下载,141.0,-,中
品牌词,wps登录要收费吗,140.0,高频热搜词,低
品牌词,wps和office,140.0,-,高
品牌词,wps office 教育版,140.0,-,高
品牌词,金山文档怎么打印,139.0,"高频热搜词,黑马词",低
品牌词,wps官网下载安卓版,138.0,-,中
品牌词,wps专业版下载,138.0,-,中
品牌词,wps卡死,137.0,高频热搜词,低
品牌词,wpsofficeapp下载,137.0,-,中
品牌词,wps office pro,136.0,-,低
品牌词,永中office和wps哪个好用,136.0,-,低
品牌词,电脑wps,135.0,-,中
品牌词,wps office官网首页,134.0,-,低
品牌词,"金山文档,",133.0,高频热搜词,高
品牌词,wps office 官方下载,133.0,-,中
品牌词,wpsapp手机版下载,132.0,-,中
品牌词,wps合并表格,129.0,高频热搜词,高
品牌词,wps文件,129.0,-,中
品牌词,金山文档怎么保存,129.0,高频热搜词,低
品牌词,wps抠图,127.0,-,高
品牌词,wpss,127.0,-,中
品牌词,wpswps,127.0,-,中
品牌词,wps中,126.0,-,中
品牌词,wps从某一行向下全选,125.0,-,低
品牌词,wps office 免费版,125.0,-,低
品牌词,wps download,125.0,高频热搜词,高
品牌词,金山文档电脑版,125.0,高频热搜词,高
品牌词,wps正版,123.0,-,高
品牌词,金山文档怎么编辑,123.0,高频热搜词,高
品牌词,wps ai怎么关闭,122.0,高频热搜词,低
品牌词,wpsapp,122.0,-,中
品牌词,文档中心,122.0,高频热搜词,高
品牌词,wps office电脑免费版,121.0,-,低
品牌词,金山文档在线文档,119.0,-,高
品牌词,金山文档小程序,119.0,-,高
品牌词,wpsoffice免费版,118.0,-,低
品牌词,wps脚注怎么加,116.0,-,低
品牌词,wps怎么下载,116.0,-,中
品牌词,wps office 个人版,115.0,-,高
品牌词,金山文档wps,115.0,高频热搜词,高
品牌词,wps下载安装包,114.0,-,中
品牌词,wps如何,112.0,-,中
品牌词,wps office和wps365区别,112.0,-,低
品牌词,wps office下载手机版,112.0,-,中
品牌词,wps365与wps office的区别,111.0,-,低
品牌词,wps off,111.0,高频热搜词,低
品牌词,wps mac版,111.0,-,低
品牌词,wps鸿蒙版,110.0,-,低
品牌词,wps office序列号,110.0,-,低
品牌词,金山文档和wps区别,109.0,高频热搜词,低
品牌词,wps临时文件保存路径,108.0,高频热搜词,高
品牌词,装了wps后office不能用怎么办,108.0,-,低
品牌词,金山文档官网下载,108.0,高频热搜词,高
品牌词,文档是什么,108.0,"高频热搜词,黑马词",高
品牌词,wps官方下载官网,108.0,-,中
品牌词,wps的ai叫什么,107.0,-,低
品牌词,wps功能,107.0,-,中
品牌词,产品文档,106.0,高频热搜词,高
品牌词,wpsoffice软件界面,105.0,-,中
品牌词,office 办公软件,105.0,高频热搜词,高
品牌词,金山云文档,105.0,-,中
品牌词,wps电脑版怎么下载安装,105.0,-,中
品牌词,wps格式刷在哪里,104.0,-,高
品牌词,wps office个人版下载,104.0,-,高
品牌词,wps最新版本官方下载,104.0,-,中
品牌词,wps超链接,103.0,-,高
品牌词,wps拆分pdf,103.0,-,低
品牌词,wps不登录,103.0,高频热搜词,低
品牌词,wps office破解,103.0,-,低
品牌词,office和wps的区别在哪里,103.0,-,低
品牌词,wps cloud,103.0,-,高
品牌词,金山文档登录,103.0,-,高
品牌词,wps office 平板版下载安装,102.0,-,低
品牌词,wps软件下载官方免费下载,102.0,-,中
品牌词,wps中如何删除空白页,101.0,高频热搜词,低
品牌词,wps意思,101.0,-,中
品牌词,wps是什么应用软件,101.0,-,中
品牌词,office wps,101.0,-,高
品牌词,wps windows,101.0,高频热搜词,高
品牌词,金山文档kdocs,101.0,-,低
品牌词,金山文件,101.0,高频热搜词,高
品牌词,电脑上装wps好还是office好,100.0,-,高
品牌词,金山文档开放平台,100.0,高频热搜词,低
品牌词,金山文档在线表格,100.0,高频热搜词,高
品牌词,wps拼图,99.0,-,高
品牌词,金山文档使用方法,99.0,-,中
品牌词,wps精简离线版apk,98.0,-,低
品牌词,wps调整行间距,98.0,-,高
品牌词,wps是个什么软件,98.0,-,中
品牌词,wps office精简版,97.0,-,高
品牌词,wps和office谁出的早,97.0,-,低
品牌词,wps和wps365有什么区别,96.0,高频热搜词,低
品牌词,wpswps office,96.0,-,中
品牌词,wps卡,95.0,高频热搜词,低
品牌词,wps查找和替换在哪,94.0,-,低
品牌词,金山文档怎么转换成pdf,94.0,-,低
品牌词,wps马赛克,93.0,-,低
品牌词,wps啥意思,93.0,-,中
品牌词,wps office2019,93.0,-,低
品牌词,.wps,92.0,-,中
品牌词,wps跟office有什么区别吗,92.0,-,中
品牌词,office与wps有什么区别,92.0,-,高
品牌词,金山文档入口,92.0,-,低
品牌词,wps下载平板电脑版,92.0,-,中
品牌词,wps官网下载旧版本,92.0,-,中
品牌词,wps分页,91.0,-,低
品牌词,wps分页符怎么显示,91.0,-,低
品牌词,wps分页符怎么删除,91.0,-,低
品牌词,wps office pc版,91.0,-,低
品牌词,金山文档在哪里找,91.0,黑马词,高
品牌词,wps后台,90.0,"高频热搜词,黑马词",低
品牌词,wpsoffice怎么读,90.0,-,低
品牌词,手机版wps下载,90.0,-,中
品牌词,wps office是什么,89.0,-,高
品牌词,wps office for mac,89.0,-,低
品牌词,wps office老版本下载,89.0,-,低
品牌词,wps office 破解版,89.0,-,高
品牌词,wps校对,88.0,-,高
品牌词,wps office 电脑版下载,88.0,-,中
品牌词,wps旧版本下载,87.0,-,中
品牌词,下载金山文档,86.0,高频热搜词,高
品牌词,wps下载安装,86.0,-,中
品牌词,wps是啥意思,85.0,-,中
品牌词,wps office是免费的吗,85.0,-,低
品牌词,金山文档是wps吗,85.0,-,低
品牌词,金山文档wps云文档怎么创建,85.0,高频热搜词,低
品牌词,金山word,85.0,-,高
品牌词,wpsoffice永久免费版下载,85.0,-,中
品牌词,wps ai校对,84.0,高频热搜词,低
品牌词,wps功能是什么,84.0,-,中
品牌词,金山文档云空间在哪里,84.0,-,低
品牌词,wps关闭ai功能,83.0,-,低
品牌词,wps单元格怎么加斜线,83.0,-,高
品牌词,wps office使用教程,83.0,-,低
品牌词,wps office提取印章的方法,82.0,-,低
品牌词,在wps office,81.0,-,低
品牌词,wps文档文件,81.0,-,高
品牌词,wps怎么关闭ai功能,80.0,-,低
品牌词,wps冻结任意一行或一列,80.0,高频热搜词,高
品牌词,office和wps哪个好用,80.0,-,高
品牌词,金山文档怎么用,80.0,-,低
品牌词,wps office pc下载,79.0,高频热搜词,低
品牌词,wps 宏,79.0,高频热搜词,低
品牌词,wps查找重复项,78.0,-,高
品牌词,wps office免费下载,78.0,-,高
品牌词,在线金山文档,78.0,-,高
品牌词,wps价格,77.0,-,低
品牌词,wps office pcapp下载,77.0,-,低
品牌词,wps和office能安在一个电脑吗,77.0,-,低
品牌词,wps和office的区别,77.0,-,高
品牌词,金山文档wps云文档手机版,77.0,高频热搜词,低
品牌词,wps表格怎么排序,76.0,"高频热搜词,黑马词",高
品牌词,wpsoffice免登录版,76.0,-,低
品牌词,wps 2013,76.0,-,高
品牌词,金山文档电脑版下载,76.0,-,高
品牌词,wps极速版,75.0,高频热搜词,高
品牌词,wps技巧,75.0,-,高
品牌词,wpsoffice是什么,75.0,-,低
品牌词,wps不断重复显示崩溃,72.0,-,低
品牌词,wps office lite,72.0,-,低
品牌词,wps office免费,71.0,-,高
品牌词,wps office教育版下载,70.0,-,低
品牌词,wps office如何免费使用,70.0,-,低
品牌词,wps两个文档比较,69.0,-,低
品牌词,wps ai插件,67.0,-,高
品牌词,wpsoffice个人免费版,67.0,-,低
品牌词,金山文档网页版登陆,67.0,-,低
品牌词,wps某一行字间距很宽,66.0,-,低
品牌词,wpsoffice2019,66.0,-,低
品牌词,金山文档共享,66.0,-,低
品牌词,金山文档电脑网页版入口,66.0,高频热搜词,低
品牌词,金山文档怎么打印出来?,66.0,-,低
品牌词,wps office 2019专业版,65.0,-,低
品牌词,wpsoffice办公软件,65.0,-,低
品牌词,wpsoffice免费使用吗,65.0,-,低
品牌词,wps仿宋gb2312字体在哪里,64.0,高频热搜词,低
品牌词,wps office可以卸载吗,64.0,-,低
品牌词,wps office 64位,64.0,-,低
品牌词,wps office安装包,64.0,-,低
品牌词,下载wpsoffice,64.0,-,高
品牌词,wpsofficepc,64.0,-,低
品牌词,wps和金山文档的关系,64.0,-,低
品牌词,wpsapppro,63.0,-,低
品牌词,wps office国际版,63.0,-,低
品牌词,wps office2016下载,63.0,-,高
品牌词,金山文档在线版,63.0,-,高
品牌词,wps的ai,62.0,-,高
品牌词,wps默认字体,62.0,-,高
品牌词,电脑wps office,61.0,-,低
品牌词,wps office 专业增强版,61.0,-,低
品牌词,下载wps office,61.0,-,低
品牌词,wps后缀,60.0,-,低
品牌词,wps office module,60.0,-,低
品牌词,wps office什么意思,60.0,-,低
品牌词,wpswps文档,60.0,-,低
品牌词,wps合并表格功能在哪里,59.0,-,低
品牌词,wps office 专业版,59.0,-,高
品牌词,wps office电脑下载,59.0,-,低
品牌词,wpsoffice与wps365的区别,59.0,-,低
品牌词,金山线上文档,59.0,-,高
品牌词,wps打字不显示,58.0,-,低
品牌词,wps+office,58.0,-,高
品牌词,wps office 绿色版,58.0,-,高
品牌词,wpsoffic,58.0,-,低
品牌词,excel office,58.0,-,高
品牌词,wps窗口独立打开不重叠,57.0,-,低
品牌词,wps序号,57.0,-,高
品牌词,wps office无法启动打印作业,57.0,-,低
品牌词,主体文档,57.0,-,低
品牌词,wps根号怎么打,56.0,-,低
品牌词,wps可以打开pdf吗,56.0,-,高
品牌词,wps office是哪个公司的,56.0,-,低
品牌词,wps分屏,55.0,-,低
品牌词,金山文档免费版,55.0,-,高
品牌词,wps下载客户端,55.0,-,中
品牌词,wps调整行高,54.0,-,低
品牌词,wps officepc版,54.0,-,低
品牌词,在线文档金山,54.0,-,高
品牌词,wpsoffice中文叫什么,53.0,-,低
品牌词,wps office破解版下载,53.0,-,低
品牌词,wps分隔符,52.0,-,高
品牌词,wpsoffice和office一样的吗,52.0,-,低
品牌词,wps office2016,52.0,-,高
品牌词,https://ai.wps.cn/,51.0,-,低
品牌词,wps ai助手,51.0,-,低
品牌词,wps表格怎么取消隐藏,51.0,-,低
品牌词,wps office是免费的还是付费,51.0,-,低
品牌词,wps office软件下载,51.0,-,高
品牌词,wps office 网页版,51.0,-,低
品牌词,wps office 官网下载,51.0,高频热搜词,低
品牌词,wps office 手机免费版,51.0,-,低
品牌词,wps与office兼容吗,51.0,-,低
品牌词,金山文档mac版,51.0,-,低
品牌词,wps卡了怎么办,50.0,-,低
品牌词,wps单页横向,50.0,-,低
品牌词,wps加页码,50.0,-,高
品牌词,wps office激活码,50.0,-,低
品牌词,金山文档怎么换行,50.0,-,低
品牌词,wps的ai好用吗,49.0,-,低
品牌词,wps插件开发,49.0,-,低
品牌词,wps表格怎么隐藏部分行与列,49.0,-,低
品牌词,金山在线文档网页版,49.0,-,低
品牌词,wps打印标题或表头怎么每页都打印,48.0,-,低
品牌词,wps视频压缩,48.0,黑马词,低
品牌词,wps简化版,47.0,-,高
品牌词,wps分类汇总,47.0,-,中
品牌词,金山文档 网页版,47.0,-,高
品牌词,文件文档,47.0,-,高
品牌词,wps的自动换行在哪里,46.0,-,低
品牌词,wps分栏怎么分成左右两栏,46.0,-,低
品牌词,wps表格中的文字怎么居中在正中间,45.0,-,低
品牌词,wps找不到ai入口,44.0,-,低
品牌词,wps焊接,44.0,-,低
品牌词,wps查询,44.0,-,低
品牌词,金山文档共享文档,44.0,-,低
品牌词,金山文档 在线,44.0,-,低
品牌词,wps分节符,43.0,-,低
品牌词,金山word文档,43.0,-,高
品牌词,ai wps,42.0,-,高
品牌词,wps第二页空白删不掉,42.0,-,低
品牌词,wps和word哪个好用,42.0,-,低
品牌词,wps对齐方式在哪里,42.0,-,低
品牌词,wps表格怎么加入日期,42.0,-,低
品牌词,wps绿化版,42.0,-,低
品牌词,wps没有仿宋gb2312,41.0,-,低
品牌词,wps回收站在哪里,41.0,-,低
品牌词,wps插入文件,41.0,-,中
品牌词,好文档,41.0,-,低
品牌词,wps ai网页版,40.0,-,低
品牌词,wps加下划线,40.0,-,低
品牌词,手机金山文档,40.0,-,高
品牌词,金山 文档,40.0,黑马词,高
品牌词,金山文档怎么制作表格,40.0,-,低
品牌词,金山文档怎么导出文件,40.0,-,低
品牌词,下载金山文档app,40.0,-,高
品牌词,wps ai排版,39.0,-,低
品牌词,wps ai怎么使用,39.0,-,低
品牌词,为什么我的wps没有ai,38.0,-,低
品牌词,wps的ai伴写在哪里,37.0,-,低
品牌词,wps的ai功能在哪里,36.0,-,低
品牌词,ai.wps.cn,34.0,-,高
品牌词,关闭wps ai,29.0,-,低
品牌词,wps有ai功能吗,27.0,-,高
品牌词,如何关闭wps的ai功能,26.0,-,低
品牌词,wps ai怎么用,26.0,-,高
品牌词,怎么关闭wps ai,24.0,-,低
品牌词,wps下角标,24.0,-,低
品牌词,wps怎么关闭ai,22.0,-,低
品牌词,wps ai伴写,21.0,-,低
品牌词,wps ai好用吗,19.0,-,低
品牌词,wps ai工具,19.0,-,高
品牌词,wps怎么退出ai模式,17.0,-,低
品牌词,wps的ai功能如何使用,16.0,高频热搜词,高
品牌词,wps怎么ai生成ppt,16.0,-,低
品牌词,下载的字体怎么在wps上使用,15.0,-,低
品牌词,如何关闭wps ai,14.0,-,低
品牌词,wps ai是什么,14.0,-,低
品牌词,wps ai 插件,14.0,-,低
品牌词,wps.ai,14.0,-,低
品牌词,ai.wps,14.0,-,高
品牌词,怎么关闭wps的ai,14.0,-,低
品牌词,wps ai表格,14.0,-,高
品牌词,wps如何使用ai功能,14.0,-,低
品牌词,教育版wps下载安装,14.0,-,低
品牌词,wps免费企业版,14.0,-,高
品牌词,wps免费破解,14.0,-,低
品牌词,wps ai版,12.0,黑马词,高
品牌词,wps接入ai,12.0,-,高
品牌词,wps的ai插件,11.0,-,高
品牌词,wps ai写公式,11.0,-,低
品牌词,wps ai破解,11.0,-,低
品牌词,wps怎么用ai生成ppt,11.0,-,低
品牌词,wps的ai功能好用吗,10.0,-,低
竞品词,WorkBuddy,623548.0,-,中
竞品词,workbuddy网页版,522748.0,-,中
竞品词,workbuddy怎么读,519109.0,-,中
竞品词,workbuddy手机版,391150.0,-,中
竞品词,workbuddy下载,375954.0,-,中
竞品词,workbuddy介绍,164105.0,-,中
竞品词,workbuddy如何使用,148386.0,-,中
竞品词,手机版workbuddy,108973.0,-,中
竞品词,workbuddy官网,102655.0,-,中
竞品词,workbuddy官网下载,98467.0,-,中
竞品词,workbuddy手机版下载,68590.0,-,中
竞品词,workbuddy''',68201.0,-,中
竞品词,官方版WorkBuddy,54754.0,-,中
竞品词,手机版的workbuddy,53758.0,-,中
竞品词,workbuddy官方下载,36476.0,-,中
竞品词,workbuddy在哪儿下,32487.0,-,中
竞品词,workbuddy哪里登录,31363.0,-,中
竞品词,WorkBuddy网站,28758.0,-,中
竞品词,下载workbuddy,28469.0,-,中
竞品词,WorkBuddy官方入口,18736.0,-,中
竞品词,workbuddy安卓下载,15007.0,-,中
竞品词,codebuddy和workbuddy,14640.0,-,中
竞品词,workbuddy有在线版吗,13940.0,-,中
竞品词,workbuddy是干嘛的,11666.0,-,中
竞品词,workbuddy是什么,8144.0,-,中
竞品词,workbuddy手机端,7260.0,-,中
竞品词,workbudy,4243.0,-,中
竞品词,workbuddy收费价目表,3687.0,-,中
竞品词,workbuddy是哪个公司的,1946.0,-,中
竞品词,workbuddy安全吗,1635.0,-,中
竞品词,workbuddy什么意思,1528.0,-,中
竞品词,workbuddy企业版,773.0,-,中
竞品词,如何使用workbuddy,531.0,-,中
竞品词,workbuddy是什么意思,439.0,-,中
竞品词,workbuddy使用教程,259.0,-,中
竞品词,豆包,4010939.0,-,中
竞品词,豆包在线,101732.0,-,中
竞品词,下载豆包.,97725.0,-,中
竞品词,豆包网页版,96990.0,-,中
竞品词,豆包网,70732.0,-,中
竞品词,下载豆包,54724.0,-,中
竞品词,下载正版豆包,34842.0,-,中
竞品词,豆包电脑端下载,20096.0,-,中
竞品词,豆包下,17159.0,-,中
竞品词,豆包视频,16540.0,-,中
竞品词,豆包下载免费,16174.0,-,中
竞品词,豆包下载方式,14256.0,-,中
竞品词,;豆包,13764.0,-,中
竞品词,豆包下载链接,13053.0,-,中
竞品词,豆包app手机版下载,11763.0,-,中
竞品词,下载豆包安装,11613.0,-,中
竞品词,免费下载一个豆包,10710.0,-,中
竞品词,豆包下载,8944.0,-,中
竞品词,安装豆包,7759.0,-,中
竞品词,豆包下栽,7134.0,-,中
竞品词,豆包图片,6892.0,-,中
竞品词,豆包网址,6761.0,-,中
竞品词,豆包下载安装,6269.0,-,中
竞品词,下载豆包儿,5689.0,-,中
竞品词,豆包.,5470.0,-,中
竞品词,豆包在线下载,5390.0,-,中
竞品词,豆包是哪个公司的,5000.0,-,中
竞品词,下载个豆包软件app,4944.0,-,中
竞品词,豆包在线使用,4868.0,-,中
竞品词,豆包豆包,4841.0,-,中
竞品词,豆包.下载,4300.0,-,中
竞品词,豆包网站入口,4270.0,-,中
竞品词,豆包在线解答,4219.0,-,中
竞品词,下载《豆包》免费,4207.0,-,中
竞品词,豆包是什么软件,4150.0,-,中
竞品词,豆包下载入口,4144.0,-,中
竞品词,豆包下载软件,4122.0,-,中
竞品词,豆包直接用,4092.0,-,中
竞品词,豆包app,4048.0,-,中
竞品词,豆包免费下载,4022.0,-,中
竞品词,豆包app下载方,3825.0,-,中
竞品词,豆包网站,3311.0,-,中
竞品词,豆包入口,3232.0,-,中
竞品词,豆包是干什么用的,2904.0,-,中
竞品词,豆包ai豆包,2893.0,-,中
竞品词,下载豆包怎么下,2829.0,-,中
竞品词,豆包网页入口,2640.0,-,中
竞品词,豆包是什么软件有什么作用,2607.0,-,中
竞品词,豆包豆包下载方式,2438.0,-,中
竞品词,豆包软件,2312.0,-,中
竞品词,下载安装豆包,2298.0,-,中
竞品词,豆包是什么,2144.0,-,中
竞品词,豆包客户端,2109.0,-,中
竞品词,小豆包,2088.0,-,中
竞品词,如何下载豆包步骤,2015.0,-,中
竞品词,豆包免费版,1976.0,-,中
竞品词,豆包需要下载吗,1916.0,-,中
竞品词,豆包安全下载,1910.0,-,中
竞品词,下载豆包并安装,1872.0,-,中
竞品词,豆包ai.,1865.0,-,中
竞品词,豆包在线回答,1810.0,-,中
竞品词,找回豆包,1722.0,-,中
竞品词,豆包al,1421.0,-,中
竞品词,豆包app下载,1372.0,-,中
竞品词,豆包本人图片,1336.0,-,中
竞品词,"豆包,",1323.0,-,中
竞品词,豆包简介,1280.0,-,中
竞品词,豆包翻译,1240.0,-,中
竞品词,豆包官方,1232.0,-,中
竞品词,豆包下载安装 正版,1143.0,-,中
竞品词,我要下载豆包,1090.0,-,中
竞品词,豆包的图片,1065.0,-,中
竞品词,安装豆包.,1035.0,-,中
竞品词,豆包照片,911.0,-,中
竞品词,下载豆包软件,903.0,-,中
竞品词,豆包怎么用,851.0,-,中
竞品词,豆包下载并安装,845.0,-,中
竞品词,下个豆包软件,760.0,-,中
竞品词,.豆包,741.0,-,中
竞品词,搜索豆包,734.0,-,中
竞品词,豆包!,563.0,-,中
竞品词,搜索豆包的,484.0,-,中
竞品词,豆包′,480.0,-,中
竞品词,豆包好用吗,461.0,-,中
竞品词,豆包的,444.0,-,中
竞品词,豆包?,390.0,-,中
竞品词,豆包',383.0,-,中
竞品词,豆包com,376.0,-,中
竞品词,"豆包,豆包",340.0,-,中
竞品词,我要下载个豆包,328.0,-,中
竞品词,我想下载豆包,311.0,-,中
竞品词,豆包豆包豆包,310.0,-,中
竞品词,豆包旧版,310.0,-,中
竞品词,豆包豆,300.0,-,中
竞品词,豆包软件下载,290.0,-,中
竞品词,豆包学习,284.0,-,中
竞品词,豆包p,279.0,-,中
竞品词,豆包l,275.0,-,中
竞品词,",豆包",273.0,-,中
竞品词,豆包是啥平台,270.0,-,中
竞品词,豆包怎么做,265.0,-,中
竞品词,豆包:,258.0,-,中
竞品词,豆包i,226.0,-,中
竞品词,豆包是,220.0,-,中
竞品词,我要豆包,219.0,-,中
竞品词,豆包/,214.0,-,中
竞品词,豆 包,197.0,-,中
竞品词,豆包最新版,188.0,-,中
竞品词,豆包手机,185.0,-,中
竞品词,豆包个人资料,182.0,-,中
竞品词,搜索豆包.,170.0,-,中
竞品词,豆包免费,165.0,-,中
竞品词,豆包丶,164.0,-,中
竞品词,豆包呢.,162.0,-,中
竞品词,豆包呢,161.0,-,中
竞品词,豆包o,157.0,-,中
竞品词,豆包\\,150.0,-,中
竞品词,豆包和,138.0,-,中
竞品词,豆包功能,134.0,-,中
竞品词,请下载豆包,131.0,-,中
竞品词,豆包介绍,127.0,-,中
竞品词,豆包∴,126.0,-,中
竞品词,豆包m,121.0,-,中
竞品词,豆包下载app,119.0,-,中
竞品词,一豆包,119.0,-,中
竞品词,豆包怎么样,114.0,-,中
竞品词,豆包w,110.0,-,中
竞品词,豆包应用,107.0,-,中
竞品词,豆包a|,107.0,-,中
竞品词,豆包 app,99.0,-,中
竞品词,豆包如何使用,99.0,-,中
竞品词,豆包q,98.0,-,中
竞品词,豆包d,97.0,-,中
竞品词,豆包图,97.0,-,中
竞品词,豆包公司,95.0,-,中
竞品词,豆包啊,94.0,-,中
竞品词,豆包怎么,94.0,-,中
竞品词,豆.包,93.0,-,中
竞品词,豆包了,92.0,-,中
竞品词,豆包apk,90.0,-,中
竞品词,豆包简历个人资料,88.0,-,中
竞品词,豆包使用,87.0,-,中
竞品词,豆包在吗,84.0,-,中
竞品词,豆包我,84.0,-,中
竞品词,"豆,包",82.0,-,中
竞品词,豆包aⅰ,82.0,-,中
竞品词,豆包`,81.0,-,中
竞品词,office,76635.0,-,中
竞品词,microsoft office,2649.0,-,中
竞品词,office哪个版本最好用,979.0,"高频热搜词,黑马词",高
竞品词,微软office,894.0,-,中
竞品词,办公软件office,785.0,-,中
竞品词,office安装,694.0,高频热搜词,高
竞品词,microsoftoffice,334.0,-,中
竞品词,office动漫,320.0,-,低
竞品词,office免安装绿色版便携,291.0,高频热搜词,低
竞品词,微软办公软件office,285.0,-,中
竞品词,office秘钥,244.0,-,高
竞品词,office激活kms,183.0,-,低
竞品词,office绿色,175.0,-,低
竞品词,office密钥在哪里能找到,134.0,-,低
竞品词,office没有pdf吗,126.0,-,低
竞品词,word office,126.0,-,中
竞品词,office 2019激活工具,123.0,-,低
竞品词,office siren,121.0,-,低
竞品词,office 2017,108.0,高频热搜词,低
竞品词,office 卸载,106.0,-,低
竞品词,officeword,106.0,高频热搜词,高
竞品词,office教程,105.0,-,高
竞品词,微软的office,99.0,-,中
竞品词,microsoft office是什么,91.0,-,中
竞品词,office密匙,81.0,-,低
竞品词,office 安装工具,78.0,-,低
竞品词,office免安装,74.0,-,低
竞品词,office免费版电脑版,71.0,高频热搜词,高
竞品词,office tab破解版,66.0,-,低
竞品词,office论坛,62.0,-,低
竞品词,office控件不可用,53.0,-,低
竞品词,office二级,52.0,-,低
竞品词,office绿色版免安装,49.0,高频热搜词,高
竞品词,office furniture,48.0,-,低
竞品词,office的复数,48.0,-,低
竞品词,office professional plus2013产品密钥,47.0,-,低
竞品词,office uninstall,47.0,-,低
竞品词,office ltsc 2024激活,45.0,-,低
竞品词,office tab 破解版,44.0,-,低
竞品词,office离线激活,42.0,-,低
竞品词,office绿色免安装,42.0,-,低
竞品词,officeexcel图片嵌入表格,42.0,-,高
竞品词,office excel怎么高亮显示行列,40.0,-,低
竞品词,office tool plus是干什么的,39.0,-,低
竞品词,office精灵,39.0,-,低
竞品词,office历年版本,38.0,-,低
竞品词,office密码解除,38.0,-,高
竞品词,office打开pdf,38.0,-,低
竞品词,office 2018,38.0,-,低
竞品词,office客服电话,36.0,-,低
竞品词,office 专业版,35.0,黑马词,低
竞品词,千问ai,24785.0,-,中
竞品词,千问是什么软件,22257.0,-,中
竞品词,千问网页版登录,9517.0,-,中
竞品词,千问办公,7735.0,-,中
竞品词,千问网页版,6542.0,-,中
竞品词,千问,4847.0,-,中
竞品词,阿里千问,4563.0,-,中
竞品词,千问官网,262.0,-,中
竞品词,千千问,185.0,-,中
竞品词,千千问动画,84.0,-,中
竞品词,千隆问屈术,80.0,高频热搜词,低
竞品词,千义同问,18.0,-,低
竞品词,千隆问屈,18.0,-,低
竞品词,千问和豆包有什么区别,8.0,搜索联想词,中
竞品词,千问下载,6.0,搜索联想词,中
竞品词,千问在线问答,6.0,搜索联想词,中
竞品词,千问app官方免费下载,5.0,搜索联想词,中
竞品词,千问是哪家公司的,3.0,搜索联想词,中
竞品词,大道问千,2.0,-,低
竞品词,千愁问战,2.0,-,低
竞品词,千意同问,2.0,-,低
竞品词,千义问通,2.0,-,低
竞品词,义问千通,2.0,-,高
竞品词,通意千文问,2.0,-,低
竞品词,千同义问,2.0,-,低
竞品词,千问和豆包哪个好,1.0,搜索联想词,中
通用词,微软办公软件,62997.0,-,中
通用词,office办公软件,17514.0,-,中
通用词,办公软件,12014.0,-,中
通用词,办公软件下载免费版,10859.0,-,中
通用词,办公软件有哪些,8561.0,-,中
通用词,免费办公软件,8076.0,-,中
通用词,手机版办公软件,6746.0,-,中
通用词,电脑办公软件有哪些,1266.0,-,中
通用词,电脑最基本的办公软件,847.0,-,中
通用词,办公自动化,639.0,高频热搜词,高
通用词,常用办公软件有什么哪些,412.0,-,中
通用词,常用的办公软件有哪些,361.0,-,中
通用词,电脑办公软件,304.0,-,中
通用词,常用办公软件,302.0,-,中
通用词,下载办公软件,298.0,-,中
通用词,办公软件有哪几种,270.0,-,中
通用词,办公软件下载,228.0,-,中
通用词,基本办公软件有哪些,175.0,-,中
通用词,办公软件哪个好用,175.0,-,中
通用词,办公室软件,162.0,-,中
通用词,办公室软件有哪些?,143.0,-,中
通用词,我要下载办公软件,130.0,-,中
通用词,基础办公软件有哪些,130.0,-,中
通用词,电脑常用办公软件都有哪些,128.0,-,中
通用词,办公app,121.0,-,高
通用词,办公软件都有哪些,109.0,-,中
通用词,办公软件哪个最好用电脑版,101.0,-,中
通用词,办公常用软件都有哪些,94.0,-,中
通用词,常用的办公软件,90.0,-,中
通用词,自动化办公,78.0,高频热搜词,高
通用词,手机办公软件excel,45.0,-,高
通用词,云办公电脑软件,19.0,-,低
通用词,计算机办公软件基础知识,16.0,-,高
通用词,办公自动化综合应用师,14.0,-,低
通用词,电脑免费办公软件哪个最好用的,10.0,-,低
通用词,办公软件零基础教学,9.0,搜索联想词,中
通用词,电脑办公软件怎么下载安装在桌面,9.0,搜索联想词,中
通用词,办公软件哪个最好用,8.0,搜索联想词,中
通用词,办公流程软件,7.0,-,高
通用词,手机版办公软件excel表格,6.0,-,高
通用词,电脑手写助手下载,6.0,-,低
通用词,办公软件速成培训班,5.0,搜索联想词,中
通用词,办公软件快捷键大全表,4.0,搜索联想词,中
通用词,办公软件excel和word,3.0,搜索联想词,中
功能词,word,136614.0,-,中
功能词,word文档,114644.0,-,中
功能词,word\,41397.0,-,中
功能词,word下载,17936.0,-,中
功能词,word文档是什么意思,2648.0,-,中
功能词,w0rd文档,2398.0,-,低
功能词,word文档怎么做,2227.0,-,中
功能词,word含义,1678.0,-,中
功能词,电脑word文档,1241.0,-,中
功能词,word文档下载,895.0,-,中
功能词,wd文档,394.0,高频热搜词,高
功能词,word文件,366.0,-,中
功能词,word 软件,310.0,-,中
功能词,word文档是什么,308.0,-,中
功能词,word文档软件,291.0,-,中
功能词,word文档怎么弄,252.0,-,中
功能词,word版,224.0,-,中
功能词,word里面表格跨页断开怎么解决,217.0,高频热搜词,低
功能词,word中,216.0,-,中
功能词,word的文档下载,206.0,-,中
功能词,word文档编辑,182.0,-,中
功能词,word.,179.0,-,中
功能词,word软件,162.0,-,中
功能词,lnk文件怎么转化成word,153.0,-,低
功能词,word里面怎么删除空白页,147.0,"高频热搜词,黑马词",高
功能词,word文档中,133.0,-,中
功能词,word文档模板,125.0,-,中
功能词,word文档怎么,121.0,-,中
功能词,word文,120.0,-,中
功能词,word电子版,113.0,-,中
功能词,word的,92.0,-,中
功能词,word两个文件对比,89.0,-,低
功能词,word文档插一个字后面的字消失了,85.0,-,低
功能词,word版文档怎么做,84.0,-,中
功能词,word文档怎么下载安装,80.0,-,中
功能词,pdf文件如何转换成word文档,73.0,高频热搜词,高
功能词,office文档,69.0,-,高
功能词,word临时文件在哪里,64.0,-,低
功能词,word文档表头每页显示,59.0,-,低
功能词,ai调整word格式,56.0,-,低
功能词,rtf文件怎么改成word,56.0,-,中
功能词,word里面如何嵌入表格,54.0,-,低
功能词,word拆分成两个文档,53.0,-,低
功能词,word两个文档对比差异,53.0,高频热搜词,高
功能词,word文档怎么排版图片,53.0,"高频热搜词,黑马词",高
功能词,word文档标点符号在行首,51.0,-,低
功能词,word里面空白页怎么删除,49.0,-,低
功能词,pdf文档怎么删除不需要的页,46.0,-,低
功能词,word文档标注怎么做,43.0,-,高
功能词,word里面怎么打勾,43.0,-,高
功能词,word文档查找功能在哪里,41.0,-,中
功能词,word文档图片显示不全,39.0,-,中
功能词,word文档打印在哪里,38.0,-,低
功能词,wd文档是啥,36.0,-,低
功能词,excel两个文档怎么对比不一样的地方,34.0,-,低
功能词,word文档2016版本,33.0,-,高
功能词,word打开ofd文件,33.0,-,高
功能词,pdf文件转换word,33.0,-,低
功能词,word比对两份文档不同的内容,31.0,-,低
功能词,word文档插入图片怎么排版,31.0,-,低
功能词,word插入pdf文件,31.0,黑马词,低
功能词,word对比两个文档异同怎么看,30.0,-,低
功能词,word手机文档,30.0,-,高
功能词,office文档查看器,30.0,-,低
功能词,pdf文档怎么转换成图片,30.0,-,低
功能词,word文档编号一级二级三级编号,29.0,-,低
功能词,word文档怎么转换成图片,29.0,高频热搜词,高
功能词,ppt怎么插入文档,29.0,-,高
功能词,word里表格表头怎么每页都有,28.0,-,高
功能词,words文档,28.0,-,低
功能词,word文档右上角标注,27.0,-,低
功能词,pdf转换word文档怎么操作免费,26.0,-,低
功能词,word上怎么弄电子签名,26.0,-,高
功能词,word格式后缀,25.0,-,低
功能词,word文档表格内容显示不全,24.0,-,低
功能词,word里面两个表格怎么连在一起,24.0,-,低
功能词,word如何插入pdf文件,24.0,-,低
功能词,word文档标题自动编号,23.0,-,低
功能词,word里面文字怎么竖排,23.0,-,高
功能词,word文档表格序号怎么自动排序,22.0,-,高
功能词,word里面图片不能完全显示,22.0,-,高
功能词,word文档查找替换怎么操作,21.0,-,高
功能词,pdf合成一个文档,21.0,-,低
功能词,word里表格显示不全,20.0,-,高
功能词,word内容从顺序变成倒序,20.0,-,高
功能词,word上一页还有空白顶不上去,19.0,-,低
功能词,word文档尺寸,19.0,-,低
功能词,word里面平方怎么打,19.0,-,低
功能词,word合并文件,19.0,-,低
功能词,word里面字体怎么变大,18.0,-,低
功能词,word格式在哪里,18.0,-,低
功能词,word 文件,18.0,-,高
功能词,word文档表格每页都有表头,17.0,-,高
功能词,word文档查找快捷键是什么,16.0,-,低
功能词,pdf文档怎么打码,16.0,-,低
功能词,word不显示最近打开文件,16.0,-,低
功能词,word文档打开后特别小,15.0,-,低
功能词,word文档标题怎么设置,15.0,-,高
功能词,pdf怎样免费转换成word文档,15.0,-,低
功能词,word里面的方框怎么去掉,15.0,-,低
功能词,jpg文档怎么做,15.0,-,低
功能词,wind文档,15.0,-,高
功能词,wod文档表格怎么合并,15.0,-,低
功能词,word内容复制到excel如何一列一列,15.0,-,低
功能词,word里插入文件,15.0,-,高
功能词,word两份文件对比,15.0,-,低
功能词,word批量生成多个文档,14.0,-,高
功能词,word文档单页显示,14.0,-,高
功能词,ai修改word文档,14.0,-,低
功能词,pdf免费转换成word文档,14.0,-,低
功能词,word表格文字如何上下居中,14.0,-,高
功能词,htm文件怎么改成word,14.0,-,低
功能词,excel如何取消文档加密,14.0,-,高
功能词,word超链接到本文档的某个位置,13.0,-,低
功能词,word接受对文档的所有修改,13.0,-,低
功能词,word内容锁定怎么解除,13.0,-,低
功能词,word 文档自动生成目录,12.0,-,低
功能词,word文档mac,12.0,-,高
功能词,word格式有哪些,12.0,-,低
功能词,word文档查找替换,11.0,-,高
功能词,word文档标点符号在第一个字符,11.0,-,低
功能词,word文档生成二维码,11.0,-,高
功能词,word共享文档,11.0,-,高
功能词,word文档背景图素材,11.0,-,低
功能词,word文档文件合并工具,11.0,-,低
功能词,word里面的横线怎么删除,11.0,-,低
功能词,excel中插入文档,11.0,-,高
功能词,word里怎么插入文件,11.0,-,低
功能词,excel插入word文件,11.0,-,低
功能词,word文档查找内容,10.0,-,低
功能词,pdf转word文档怎么转免费,10.0,-,高
功能词,word文档安装,10.0,-,高
功能词,word文档编号格式规范,10.0,-,低
功能词,word里面勾选框怎么打,10.0,-,低
功能词,word上有一条横线怎么删除,10.0,-,低
功能词,word里面段落,10.0,-,低
功能词,word里面的表格表头每页显示,10.0,-,低
功能词,2个文档对比,10.0,-,高
功能词,pdf文档怎么合并,10.0,-,低
功能词,word里面如何插入表格,10.0,-,低
功能词,word里面如何删除页面,10.0,-,低
功能词,caj文件转word,10.0,-,高
功能词,"word里表格跨页,怎么设置表头",10.0,-,低
功能词,word版本英文怎么说,10.0,-,低
功能词,word表格转换成pdf,10.0,-,高
功能词,ppt网站,80772.0,-,中
功能词,ppt模板,69693.0,-,中
功能词,ppt,34288.0,-,中
功能词,ppt模板制作,24487.0,-,中
功能词,ppt一键生成免费,12741.0,-,中
功能词,ppt怎么做,10547.0,-,中
功能词,ppt模板简约,9695.0,-,中
功能词,ppt怎么制作,9382.0,-,中
功能词,能做ppt的ai,8749.0,高频热搜词,高
功能词,ppt制作,6620.0,-,中
功能词,ppt制作 幻灯片,6084.0,-,中
功能词,ai生成ppt,6004.0,高频热搜词,高
功能词,ai ppt,5835.0,-,高
功能词,ppt大全网站,5637.0,-,中
功能词,gamma生成ppt,5131.0,高频热搜词,高
功能词,ai生成ppt的网站免费,4315.0,-,高
功能词,ppt是什么意思,4105.0,-,中
功能词,powerpoint,3274.0,-,中
功能词,ppt图片,2664.0,-,中
功能词,ppt背景模板,2625.0,-,中
功能词,免费做ppt,2475.0,高频热搜词,高
功能词,ppt制作制作,2464.0,-,中
功能词,ppt生成,2289.0,-,中
功能词,ppt ai,2185.0,高频热搜词,高
功能词,生成ppt的ai工具,2069.0,高频热搜词,高
功能词,ppt生成器免费,1970.0,-,中
功能词,自动生成ppt,1794.0,-,中
功能词,做ppt的ai,1733.0,高频热搜词,高
功能词,ai制作ppt,1679.0,高频热搜词,高
功能词,在线自动生成ppt,1562.0,-,中
功能词,做ppt的ai哪个好用,1548.0,高频热搜词,低
功能词,ppt一键生成,1475.0,高频热搜词,高
功能词,生成ppt,1181.0,-,中
功能词,ai一键生成ppt免费版,1167.0,高频热搜词,高
功能词,markdown生成ppt,987.0,高频热搜词,高
功能词,ppt生成ai,978.0,高频热搜词,高
功能词,gamma生成ppt官网,971.0,高频热搜词,高
功能词,生成ppt免费,946.0,-,中
功能词,ai做ppt免费,864.0,高频热搜词,高
功能词,免费的ai做ppt平台,828.0,高频热搜词,高
功能词,ppt模板ai生成,812.0,高频热搜词,高
功能词,ai免费做ppt,782.0,-,高
功能词,ai制作ppt免费,771.0,"高频热搜词,黑马词",高
功能词,哪个ai能做ppt,763.0,高频热搜词,高
功能词,哪个ai做ppt最好,761.0,高频热搜词,高
功能词,制作ppt的ai,636.0,高频热搜词,高
功能词,生成ppt的ai哪个好用,619.0,高频热搜词,低
功能词,ppt自动生成,616.0,高频热搜词,高
功能词,ai生成ppt免费,604.0,高频热搜词,高
功能词,制作ppt的ai软件,593.0,高频热搜词,高
功能词,wps ai生成ppt,559.0,高频热搜词,高
功能词,ppt免费一键生成,554.0,-,中
功能词,哪个ai生成ppt最好,526.0,高频热搜词,低
功能词,如何用ai做ppt,461.0,高频热搜词,高
功能词,ai创作ppt,458.0,高频热搜词,高
功能词,ai一键生成ppt免费,448.0,高频热搜词,高
功能词,可以做ppt的ai软件,414.0,高频热搜词,低
功能词,ai形成ppt的软件,414.0,高频热搜词,低
功能词,哪个ai可以生成ppt,414.0,高频热搜词,高
功能词,ppt生成ai工具哪个好,372.0,高频热搜词,低
功能词,生成ppt的ai,372.0,高频热搜词,高
功能词,ai做ppt的软件,360.0,高频热搜词,高
功能词,能生成ppt的ai,345.0,高频热搜词,高
功能词,ppt美化ai,334.0,高频热搜词,高
功能词,ppt免费生成,320.0,高频热搜词,高
功能词,自动生成ppt的ai,317.0,-,高
功能词,哪个ai可以做ppt,313.0,高频热搜词,高
功能词,直接生成ppt的ai软件免费,302.0,-,低
功能词,什么ai可以做ppt,302.0,高频热搜词,高
功能词,哪个ai工具可以生成ppt,301.0,高频热搜词,低
功能词,ai做ppt哪个最好用,296.0,高频热搜词,高
功能词,ppt用什么软件做,295.0,-,高
功能词,免费制作ppt的ai,277.0,高频热搜词,高
功能词,做ppt用什么ai,264.0,-,低
功能词,ai做ppt哪个软件好用,251.0,高频热搜词,低
功能词,如何生成ppt,250.0,-,中
功能词,可以免费生成ppt的ai,235.0,高频热搜词,低
功能词,做ppt最好的ai,229.0,-,低
功能词,ai免费生成ppt,225.0,-,高
功能词,al生成ppt,218.0,高频热搜词,高
功能词,ppt生成助手,217.0,高频热搜词,高
功能词,word生成ppt,215.0,高频热搜词,高
功能词,一键自动生成ppt,215.0,-,中
功能词,免费一键生成ppt,209.0,-,中
功能词,可以生成ppt的ai,209.0,高频热搜词,高
功能词,ppt哪个ai好用,204.0,高频热搜词,低
功能词,免费生成ppt的ai,201.0,-,高
功能词,ppt生成用哪个ai,200.0,-,低
功能词,ppt制作ai哪个最好用,198.0,高频热搜词,低
功能词,做ppt比较好的ai,193.0,高频热搜词,低
功能词,做ppt的ai软件,191.0,高频热搜词,高
功能词,什么软件可以ai生成ppt,189.0,-,高
功能词,免费ai生成ppt,184.0,高频热搜词,高
功能词,ai ppt生成,183.0,高频热搜词,高
功能词,ppt一键生成免费版,181.0,高频热搜词,高
功能词,ai 生成ppt,177.0,高频热搜词,高
功能词,可以生成ppt的ai有哪些,174.0,高频热搜词,低
功能词,哪个ai软件可以做ppt?,170.0,-,低
功能词,哪个ai做ppt比较好,165.0,高频热搜词,低
功能词,ppt如何制作,164.0,-,中
功能词,用ai制作ppt,157.0,-,高
功能词,ppt生成软件,155.0,-,中
功能词,ppt ai生成,153.0,高频热搜词,高
功能词,免费生成ppt的ai大模型,148.0,-,高
功能词,如何用ai制作ppt,143.0,高频热搜词,高
功能词,做ppt用哪个ai,140.0,-,低
功能词,做ppt厉害的ai,139.0,-,低
功能词,ppt生成用什么ai工具,136.0,-,低
功能词,哪些ai可以生成ppt,136.0,高频热搜词,低
功能词,ai自动生成ppt,136.0,高频热搜词,高
功能词,生成ppt的ai工具哪个比较好,134.0,-,低
功能词,电脑生成ppt,132.0,-,中
功能词,ai伙伴ppt怎么制作,132.0,-,低
功能词,哪个ai可以美化ppt,131.0,高频热搜词,低
功能词,ai一键生成ppt,127.0,高频热搜词,高
功能词,ppt生成软件哪个好用,126.0,-,低
功能词,ai ppt maker,125.0,-,高
功能词,ai助手ppt制作,123.0,高频热搜词,低
功能词,用ai做ppt,115.0,高频热搜词,高
功能词,word转ppt一键生成ai,112.0,高频热搜词,高
功能词,能生成ppt的ai工具有哪些,112.0,高频热搜词,低
功能词,帮我生成一份ppt,108.0,-,高
功能词,哪个ai能生成ppt,107.0,高频热搜词,高
功能词,ai伙伴ppt,103.0,高频热搜词,低
功能词,做ppt好的ai,102.0,-,低
功能词,ppt自动生成软件,101.0,-,中
功能词,生成ppt最好的ai,96.0,-,低
功能词,ppt自动生成软件哪个好,94.0,-,低
功能词,帮我生成ppt,90.0,-,中
功能词,可以直接生成ppt的ai工具,89.0,高频热搜词,低
功能词,做ppt最好用的ai,89.0,高频热搜词,低
功能词,ppt生成器,88.0,-,中
功能词,用什么ai做ppt最好,87.0,-,低
功能词,哪个ai做ppt,87.0,-,低
功能词,ppt模板免费生成,86.0,-,低
功能词,哪个ai软件生成ppt比较好用,86.0,-,低
功能词,什么ai可以生成ppt,85.0,-,低
功能词,ai优化ppt,85.0,-,高
功能词,哪个ai可以直接生成ppt,84.0,-,低
功能词,在线ppt制作,83.0,-,中
功能词,ai怎么生成ppt,83.0,-,高
功能词,哪个ai软件可以直接生成ppt,82.0,-,低
功能词,ppt导出高清图片,81.0,-,高
功能词,ai ppt maker官网,80.0,高频热搜词,低
功能词,word生成ppt的免费工具,79.0,高频热搜词,低
功能词,哪个ai软件可以做ppt,79.0,高频热搜词,高
功能词,如何用ai生成ppt,79.0,-,高
功能词,生成ppt用哪个ai,78.0,-,低
功能词,ai 生成 ppt,78.0,-,高
功能词,做ppt用什么ai软件,77.0,-,低
功能词,ppt制作软件ai生成,76.0,高频热搜词,低
功能词,哪个ai工具生成ppt好用,75.0,-,低
功能词,那个ai软件做ppt比较好,75.0,-,低
功能词,哪些ai可以做ppt,75.0,-,低
功能词,什么ai可以免费做ppt,75.0,高频热搜词,高
功能词,能制作ppt的ai,75.0,-,高
功能词,wps做ppt,73.0,-,高
功能词,自动生成ppt的ai软件,73.0,-,高
功能词,怎么让ai做ppt,71.0,-,高
功能词,ai制作ppt的软件,71.0,高频热搜词,低
功能词,tome自动生成ppt官网,70.0,高频热搜词,高
功能词,会做ppt的ai,70.0,高频热搜词,高
功能词,如何让ai生成ppt,69.0,-,低
功能词,ai一键生成ppt的免费软件,69.0,-,低
功能词,ppt制作用哪个ai,69.0,-,低
功能词,ppt快速生成时间轴,68.0,-,高
功能词,什么ai能做ppt,67.0,高频热搜词,低
功能词,产品介绍ppt制作,66.0,-,高
功能词,哪款ai做ppt最好,66.0,-,高
功能词,制作课件最好的ai,66.0,-,低
功能词,ai怎么做ppt,66.0,-,高
功能词,怎么用ai生成ppt,65.0,高频热搜词,高
功能词,如何利用ai制作ppt,65.0,高频热搜词,高
功能词,ppt自动生成ai,64.0,-,高
功能词,擅长做ppt的ai,64.0,-,低
功能词,ai课件制作ppt,64.0,-,低
功能词,什么ai生成ppt比较好,63.0,高频热搜词,低
功能词,ai免费生成ppt软件有哪些,62.0,高频热搜词,高
功能词,免费ppt生成ai,62.0,高频热搜词,低
功能词,word文档一键生成ppt,61.0,-,高
功能词,哪个ai可以免费生成ppt,61.0,-,低
功能词,ppt人工智能生成,60.0,-,高
功能词,帮我生成一个ppt,60.0,高频热搜词,高
功能词,ppt怎么导出成图片,58.0,-,高
功能词,哪个ai制作ppt好,58.0,-,低
功能词,怎样用ai做ppt,57.0,-,高
功能词,怎么用ai制作ppt,57.0,-,高
功能词,ppt用哪个ai,57.0,-,低
功能词,免费ai做ppt,57.0,-,高
功能词,哪个ai适合做ppt,56.0,-,低
功能词,什么ai能生成ppt,55.0,-,低
功能词,word一键生成ppt,54.0,高频热搜词,高
功能词,能直接生成ppt的ai,53.0,-,低
功能词,ai智能生成ppt免费,53.0,-,高
功能词,大模型生成ppt,52.0,-,高
功能词,ppt导出pdf,52.0,-,高
功能词,ai生成课件,52.0,-,高
功能词,可以生成ppt的ai工具,52.0,-,低
功能词,ai生成ppt工具,52.0,-,高
功能词,如何ai生成ppt,52.0,-,高
功能词,ppt加页码自动生成连续页码,51.0,-,低
功能词,ppt备注如何导出,51.0,-,低
功能词,ppt用什么ai生成,51.0,高频热搜词,低
功能词,ppt优化ai,51.0,-,高
功能词,什么ai做ppt最好,51.0,高频热搜词,低
功能词,哪个ai可以做ppt免费的,50.0,-,低
功能词,用ai做ppt的软件哪个不错,50.0,高频热搜词,低
功能词,免费ai制作ppt,50.0,-,高
功能词,ai生成ppt软件,50.0,-,高
功能词,ppt导出视频,49.0,-,高
功能词,ppt生成网站,48.0,-,高
功能词,ppt转excel,48.0,-,高
功能词,能够生成ppt的ai,47.0,-,低
功能词,ai智能生成ppt,47.0,-,高
功能词,ppt ai一键生成,47.0,-,高
功能词,什么ai可以直接生成ppt,46.0,高频热搜词,高
功能词,ppt一键生成组织架构图,45.0,-,高
功能词,怎么一键生成ppt,45.0,-,中
功能词,做ppt那个ai好用,45.0,-,低
功能词,ai做ppt一键生成软件,45.0,高频热搜词,高
功能词,ppt生成ai工具,44.0,-,高
功能词,ai编辑ppt,44.0,-,高
功能词,哪个ai生成ppt比较好,43.0,高频热搜词,低
功能词,哪个ai软件可以生成ppt,43.0,-,低
功能词,ai怎么修改已有的ppt,43.0,-,低
功能词,一键生成ppt,42.0,-,中
功能词,生成ppt比较好的ai,42.0,-,低
功能词,那个ai做ppt比较好,42.0,-,低
功能词,ppt用什么ai,42.0,-,低
功能词,ai做ppt的软件哪个最好用,42.0,-,低
功能词,ppt怎么做成视频,40.0,-,高
功能词,ppt导出图片300dpi,40.0,-,低
功能词,免费制作ppt的ai软件,40.0,-,低
功能词,slidev生成ppt,39.0,-,低
功能词,python生成ppt,39.0,-,高
功能词,ppt生成视频的软件,39.0,-,低
功能词,用ai生成ppt哪个好用,39.0,-,低
功能词,用哪个ai生成ppt,39.0,-,低
功能词,ppt生成的ai工具,39.0,-,低
功能词,ppt ai生成工具,39.0,-,高
功能词,那个ai可以生成ppt,37.0,-,低
功能词,生成ppt好用的ai,37.0,高频热搜词,低
功能词,哪个ai可以免费自动生成ppt,37.0,高频热搜词,低
功能词,ai生成ppt提示词,37.0,-,低
功能词,ppt大纲怎么生成ppt,36.0,-,低
功能词,哪个ai可以生成ppt并且免费,36.0,-,低
功能词,可以生成ppt的ai软件,36.0,-,高
功能词,ai生成ppt模板,36.0,-,高
功能词,ai软件做ppt,36.0,-,高
功能词,gamma生成ppt免费吗,35.0,-,低
功能词,哪一个ai可以生成ppt,35.0,-,低
功能词,免费ai生成ppt的软件,35.0,-,低
功能词,哪个ai可以制作ppt,35.0,-,低
功能词,帮忙做ppt的ai,35.0,-,高
功能词,智能ppt生成,34.0,-,中
功能词,哪个ai生成ppt好用,34.0,-,低
功能词,什么ai可以直接生成ppt免费,34.0,-,低
功能词,ppt制作的ai,34.0,-,低
功能词,免费ppt制作ai,34.0,高频热搜词,高
功能词,ppt一键生成演讲稿,33.0,-,高
功能词,可以直接生成ppt的ai,33.0,-,低
功能词,哪个ai能直接生成ppt,33.0,-,低
功能词,直接生成ppt的ai,33.0,-,低
功能词,ai讲解ppt,33.0,-,低
功能词,免费制作ppt的ai软件有哪些,33.0,-,低
功能词,制作ppt,32.0,-,中
功能词,生成ppt用什么ai,32.0,-,低
功能词,ppt排版ai,32.0,-,高
功能词,ppt用什么ai软件制作,32.0,-,低
功能词,ppt ai生成免费,31.0,-,低
功能词,哪个ai生成的ppt最好,31.0,-,低
功能词,哪个ai可以帮忙做ppt,31.0,-,低
功能词,ai分享ppt,31.0,-,低
功能词,ai如何制作ppt,31.0,-,高
功能词,ppt一键生成免费软件,30.0,-,低
功能词,ppt导出pdf字体变了,30.0,黑马词,低
功能词,有没有能做ppt的ai,30.0,-,低
功能词,有什么可以做ppt的ai,30.0,-,低
功能词,什么ai做ppt好,30.0,-,低
功能词,ppt 生成ai,29.0,-,低
功能词,可以免费做ppt的ai,29.0,-,高
功能词,ppt用ai怎么做,29.0,-,高
功能词,ppt生产ai,29.0,-,高
功能词,ai如何生成ppt,29.0,-,高
功能词,ppt智能生成,28.0,-,高
功能词,word转ppt一键生成,28.0,-,高
功能词,ppt在线编辑免费,28.0,-,低
功能词,可生成ppt的ai,28.0,-,低
功能词,能生成ppt的ai软件,28.0,-,低
功能词,wps的ai一键生成ppt,28.0,-,高
功能词,ppt生成ai免费,28.0,-,低
功能词,ppt生成视频的ai大模型,28.0,-,低
功能词,目前做ppt最好的ai,28.0,-,低
功能词,做ppt的免费ai,28.0,-,高
功能词,ppt免费ai,28.0,-,高
功能词,ima可以生成ppt吗,27.0,-,低
功能词,ppt导出高分辨率图片,27.0,-,高
功能词,ai生成ppt的软件,27.0,-,高
功能词,哪些ai可以免费生成ppt,27.0,-,低
功能词,一键生成ppt的ai叫什么,27.0,-,低
功能词,ppt生成图片,25.0,-,高
功能词,ppt导出,25.0,-,高
功能词,可以自动生成ppt的ai,25.0,-,高
功能词,ppt生成神器ai,25.0,-,高
功能词,ppt生成的ai,25.0,-,低
功能词,生成ppt ai,25.0,-,高
功能词,用哪个ai做ppt好,25.0,-,低
功能词,制作ppt最好的ai,25.0,-,低
功能词,ai生成幻灯片,25.0,-,高
功能词,ppt设计ai,25.0,-,高
功能词,ppt美化用什么ai,25.0,-,低
功能词,ai免费制作ppt,25.0,-,高
功能词,哪些ai可以直接生成ppt,24.0,-,低
功能词,ai生成ppt的软件哪个好,24.0,-,低
功能词,哪些ai软件可以生成ppt,24.0,-,低
功能词,ai可以生成ppt吗,24.0,-,低
功能词,怎么利用ai生成ppt,24.0,-,低
功能词,制作ppt好用的ai,24.0,-,低
功能词,做ppt哪个ai好,24.0,-,低
功能词,能制作ppt的ai软件,24.0,-,低
功能词,免费 ai ppt,24.0,-,低
功能词,ppt自动生成网站,23.0,-,高
功能词,那个ai生成ppt好,23.0,-,低
功能词,免费生成ppt的ai软件,23.0,-,低
功能词,用ai生成ppt,23.0,-,高
功能词,ai做课件ppt哪个最好用,23.0,-,低
功能词,哪个ai平台可以做ppt,23.0,-,低
功能词,用ai制作ppt用什么软件好,23.0,-,低
功能词,什么ai软件可以做ppt,23.0,-,低
功能词,哪个ai软件能做ppt,23.0,-,低
功能词,怎样用ai制作ppt,23.0,-,低
功能词,能免费做ppt的ai,23.0,-,低
功能词,ai设计ppt,23.0,-,高
功能词,怎么ai做ppt,23.0,-,高
功能词,ai怎么制作ppt,23.0,-,高
功能词,什么ai做ppt,23.0,-,低
功能词,ppt把答案先遮住后放出,22.0,-,低
功能词,根据ppt生成演讲稿的ai,22.0,-,高
功能词,ai做ppt哪个好,22.0,-,低
功能词,可以制作ppt的ai软件,22.0,-,高
功能词,ai如何做ppt,22.0,-,高
功能词,ai ppt 生成,21.0,-,低
功能词,ppt 自动生成,21.0,-,高
功能词,如何用ai生成ppt演讲稿,21.0,-,低
功能词,用什么ai可以生成ppt,21.0,-,低
功能词,什么ai软件可以生成ppt,21.0,-,低
功能词,ai免费生成ppt网站,21.0,-,高
功能词,ai生成ppt的工具,21.0,-,高
功能词,ai生成ppt.,21.0,-,高
功能词,哪个ai做ppt效果好,21.0,-,低
功能词,做ppt用哪个ai好,21.0,-,低
功能词,哪个ai做ppt厉害,21.0,-,低
功能词,如何ai做ppt,21.0,-,低
功能词,怎么ai生成ppt,21.0,高频热搜词,高
功能词,ai生成的ppt怎么编辑,20.0,-,低
功能词,ppt一键生成鱼骨图,20.0,-,低
功能词,ppt 1键生成,20.0,-,低
功能词,ppt生成演讲稿,20.0,-,高
功能词,excel一键生成ppt,20.0,-,低
功能词,让ai生成ppt的指令,20.0,-,低
功能词,专门生成ppt的ai,20.0,-,低
功能词,能免费生成ppt的ai,20.0,-,低
功能词,ai赋能ppt,20.0,-,低
功能词,ppt润色ai,20.0,-,高
功能词,哪款ai可以生成ppt,19.0,-,高
功能词,ai生成ppt哪个好用,19.0,-,低
功能词,ai生成的ppt怎么导出,19.0,-,低
功能词,ai生成ppt怎么弄,19.0,-,高
功能词,用什么ai软件可以免费生成ppt,19.0,高频热搜词,低
功能词,哪个ai做ppt最好用,19.0,-,低
功能词,ai可以做ppt吗,19.0,-,高
功能词,画ppt的ai,19.0,-,低
功能词,做ppt的ai网站,19.0,-,高
功能词,ai'ppt,19.0,-,低
功能词,ai的ppt,19.0,-,高
功能词,pdf生成ppt最简单的方法,18.0,-,高
功能词,ai自动生成ppt免费版,18.0,-,高
功能词,ppt生成大模型,18.0,-,低
功能词,pdf生成ppt,18.0,-,高
功能词,ppt插入目录,18.0,-,高
功能词,那个ai可以直接生成ppt,18.0,-,低
功能词,哪些ai能生成ppt,18.0,-,低
功能词,怎么判断ppt是不是ai做的,18.0,-,低
功能词,哪个ai可以直接做ppt,18.0,-,低
功能词,ppt生成 ai,18.0,-,低
功能词,word生成ppt的ai工具,18.0,-,低
功能词,制作ppt最好用的ai,18.0,-,低
功能词,如何用ai美化ppt,18.0,-,高
功能词,ai灵感ppt,18.0,-,高
功能词,ai做ppt指令,18.0,-,低
功能词,ppt ai 免费,18.0,-,高
功能词,ppt制作的ai软件,18.0,-,高
功能词,ai读ppt,18.0,-,低
功能词,word自动生成ppt有几种方法,17.0,-,高
功能词,哪一款ai做ppt最好,17.0,-,低
功能词,ppt表格怎么生成柱状图,16.0,-,高
功能词,ppt模板生成,16.0,-,高
功能词,ppt自动生成器,16.0,-,高
功能词,ppt在线制作网页,16.0,-,高
功能词,ppt做动画,16.0,-,高
功能词,免费的ai生成ppt,16.0,-,高
功能词,ai生成ppt哪个好,16.0,-,低
功能词,怎么让ai生成ppt,16.0,-,高
功能词,ai生成ppt的网站,16.0,-,高
功能词,ai在线生成ppt,16.0,-,高
功能词,哪个ai的ppt做的好,16.0,-,低
功能词,ppt可以用ai做吗,16.0,-,高
功能词,ai 做 ppt,16.0,-,高
功能词,做ppt的ai推荐,16.0,-,低
功能词,直接输出ppt的ai,16.0,-,低
功能词,ai 写ppt,16.0,-,高
功能词,ai做ppt的软件有哪些,16.0,-,低
功能词,制作ppt的ai有哪些,16.0,-,低
功能词,免费的ppt制作ai,16.0,-,低
功能词,ai做ppt模板,16.0,-,高
功能词,哪个ai可以自动生成ppt,16.0,-,低
功能词,gamma生成ppt下载,15.0,-,高
功能词,把文档自动生成ppt,15.0,-,高
功能词,md文件生成ppt,15.0,-,低
功能词,ppt导出svg,15.0,-,低
功能词,根据文档生成ppt的ai,15.0,-,低
功能词,如何利用ai生成ppt,15.0,-,高
功能词,ppt 生成 ai,15.0,-,高
功能词,哪个ai生成ppt,15.0,-,低
功能词,ppt做的好的ai,15.0,-,低
功能词,有没有做ppt的ai,15.0,-,低
功能词,那个ai能做ppt,15.0,-,低
功能词,ai润色ppt,15.0,-,高
功能词,哪个ai能免费做ppt,15.0,-,低
功能词,可以生产ppt的ai,15.0,-,低
功能词,能做ppt的ai免费,15.0,-,高
功能词,ai帮忙做ppt,15.0,-,高
功能词,ppt最好的ai,15.0,-,低
功能词,免费的ppt ai,15.0,-,低
功能词,markdown生成ppt网站,14.0,-,高
功能词,wps能生成ppt吗,14.0,-,低
功能词,ppt备注怎么导出word,14.0,-,低
功能词,ppt导出成图片,14.0,-,高
功能词,ai生成ppt神器推荐,14.0,-,低
功能词,ai生成ppt的免费网站,14.0,-,低
功能词,ai生成ppt网站,14.0,-,高
功能词,做ppt比较好用的ai,14.0,-,低
功能词,如何使用ai生成ppt,14.0,-,高
功能词,可以免费做ppt的ai软件,14.0,-,低
功能词,做ppt最厉害的ai,14.0,-,低
功能词,ppt最好用的ai,14.0,-,低
功能词,ai科普ppt,14.0,-,低
功能词,ppt最强ai,14.0,-,低
功能词,gama ai ppt,14.0,-,低
功能词,ai怎么做ppt免费,14.0,-,低
功能词,做 ppt 的 ai,14.0,-,低
功能词,制作ppt用什么ai软件,14.0,-,低
功能词,ai制作的ppt,14.0,-,低
功能词,免费ai美化ppt,14.0,-,高
功能词,ai出ppt,14.0,-,高
功能词,ai ppt下载,14.0,-,高
功能词,如何ai制作ppt,14.0,-,高
功能词,ai软件生成ppt,13.0,-,低
功能词,什么ai可以美化ppt,13.0,-,低
功能词,代码生成ppt,12.0,-,低
功能词,pdf导出ppt,12.0,-,低
功能词,哪种ai软件可以直接生成ppt,12.0,-,低
功能词,已有ppt怎么ai生成演讲稿,12.0,-,高
功能词,有哪个ai可以生成ppt,12.0,-,低
功能词,那个ai能生成ppt,12.0,-,低
功能词,能生成ppt的免费ai,12.0,-,低
功能词,ai生成ppt指令,12.0,-,低
功能词,ai生成ppt大纲,12.0,-,高
功能词,免费的ppt生成ai,12.0,-,低
功能词,ai生成ppt最好的工具,12.0,-,高
功能词,哪个ai可以免费制作ppt,12.0,-,低
功能词,生成课件的ai,12.0,-,低
功能词,制作ppt用哪个ai,12.0,-,低
功能词,ai ppt 网站,12.0,-,高
功能词,自动做ppt的ai,12.0,-,高
功能词,能做ppt 的ai,12.0,-,低
功能词,ppt怎么根据数据生成折线图,11.0,-,高
功能词,java 生成ppt,11.0,-,低
功能词,ai ppt一键生成,11.0,-,低
功能词,ai生成ppt工具推荐,11.0,-,低
功能词,ppt导出透明背景图片,11.0,-,低
功能词,ppt导出后字体变了,11.0,-,低
功能词,cdr导出ppt,11.0,-,高
功能词,ppt制作视频教程,11.0,-,低
功能词,什么ai可以免费生成ppt,11.0,-,低
功能词,有什么ai可以生成ppt,11.0,-,低
功能词,什么ai能直接生成ppt,11.0,-,低
功能词,ai生成ppt的指令,11.0,-,低
功能词,哪个ai能免费生成ppt,11.0,-,低
功能词,ai生成ppt免费一键生成,11.0,-,高
功能词,ppt ai 生成,11.0,-,高
功能词,在线生成ppt的ai,11.0,-,高
功能词,免费自动生成ppt的ai,11.0,-,高
功能词,ai创作ppt在线生成,11.0,-,低
功能词,可以免费生成ppt的ai工具,11.0,-,低
功能词,ai生成的ppt,11.0,-,高
功能词,哪个ai工具可以免费生成ppt,11.0,-,低
功能词,ppt生成ai软件,11.0,-,低
功能词,ai 自动生成ppt,11.0,-,高
功能词,可以直接做ppt的ai,11.0,-,低
功能词,ai生成 ppt,11.0,-,高
功能词,什么ai可以直接做ppt,11.0,-,低
功能词,有什么ai可以做ppt,11.0,-,低
功能词,ai制做ppt,11.0,-,高
功能词,ai编写ppt,11.0,-,高
功能词,能做ppt的免费ai,11.0,-,高
功能词,ai做ppt的网站,11.0,-,高
功能词,制作ppt的ai软件有哪些,11.0,-,低
功能词,ai在线ppt,11.0,-,低
功能词,制作ppt的免费ai,11.0,-,低
功能词,能生产ppt的ai,11.0,-,低
功能词,gamma生成ppt怎么免费导出,10.0,-,低
功能词,word快速生成ppt,10.0,-,高
功能词,ppt生成用什么软件,10.0,-,低
功能词,ppt模版生成,10.0,-,高
功能词,word直接生成ppt,10.0,-,高
功能词,ppt生成助手免费,10.0,-,低
功能词,word免费生成ppt,10.0,-,低
功能词,wps一键生成ppt,10.0,-,高
功能词,ppt转换视频生成mp4,10.0,-,高
功能词,ppt讲稿怎么导出,10.0,-,高
功能词,powerpoint怎么保存到桌面,10.0,-,低
功能词,ai课件生成,10.0,-,低
功能词,用哪个ai生成ppt比较好,10.0,-,低
功能词,用哪个ai可以生成ppt,10.0,-,低
功能词,那个ai可以免费生成ppt,10.0,-,低
功能词,ppt生成ai哪个好用,10.0,-,低
功能词,有什么可以生成ppt的ai,10.0,-,低
功能词,有哪些ai可以生成ppt,10.0,-,低
功能词,免费生成ppt的ai有哪些,10.0,-,低
功能词,ppt美化ai一键生成免费,10.0,-,低
功能词,生成ppt 的ai,10.0,-,低
功能词,ai工具生成ppt,10.0,-,低
功能词,哪个ai可以输出ppt,10.0,-,低
功能词,那个ai软件可以做ppt,10.0,-,低
功能词,哪些ai可以制作ppt,10.0,-,低
功能词,能够做ppt的ai,10.0,-,高
功能词,如果用ai做ppt,10.0,-,低
功能词,ai ppt哪个好用,10.0,-,高
功能词,作ppt的ai,10.0,-,低
功能词,哪个ai能制作ppt,10.0,-,低
功能词,制作ppt最好的ai软件,10.0,-,低
功能词,做ppt的ai有哪些,10.0,-,低
功能词,ai排版ppt,10.0,-,高
功能词,做ppt的免费ai软件,10.0,-,低
功能词,ai制作ppt的网站,10.0,-,低
功能词,ppt 制作 ai,10.0,-,低
功能词,ppt排版美化ai,10.0,-,低
功能词,ai画ppt,10.0,-,高
功能词,excel表格,127144.0,高频热搜词,高
功能词,excel表格求和怎么操作,1365.0,"高频热搜词,黑马词",高
功能词,excel表格合并单元格,642.0,高频热搜词,高
功能词,excel表格怎么把一个格的内容分成两个,615.0,"高频热搜词,黑马词",高
功能词,excel表格打印不全,310.0,-,高
功能词,excel表格手机版下载,278.0,高频热搜词,高
功能词,excel表格换行怎么弄,212.0,高频热搜词,高
功能词,excel表格变成在线编辑,207.0,-,低
功能词,excel表格换行快捷键是哪个键,206.0,高频热搜词,低
功能词,excel表格横向纵向变换,175.0,"高频热搜词,黑马词",高
功能词,excel表格快捷键,164.0,高频热搜词,高
功能词,excel表格第一行固定不动,161.0,-,高
功能词,excel表格怎么画斜线,147.0,-,高
功能词,excel表格方框打√怎样操作,139.0,"高频热搜词,黑马词",高
功能词,excel表格固定行列不动,134.0,-,低
功能词,excel表格标题每页都显示,133.0,-,高
功能词,excel表格打勾怎么打,128.0,高频热搜词,高
功能词,excel表格卡死未响应,123.0,"高频热搜词,黑马词",中
功能词,excel表格表头固定,117.0,-,高
功能词,excel表格加斜线,117.0,-,高
功能词,excel表格锁定怎么解锁,114.0,"高频热搜词,黑马词",低
功能词,excel表格里换行按什么键,104.0,高频热搜词,高
功能词,excel表格横向太长怎么收缩,103.0,-,低
功能词,excel表格保留两位小数怎么设置,103.0,"高频热搜词,黑马词",高
功能词,excel表格调整行高和列宽,101.0,高频热搜词,高
功能词,excel表格固定表头,101.0,-,高
功能词,excel表格查找重复项,98.0,-,高
功能词,excel表格美化,96.0,-,高
功能词,excel表格除法公式怎么输入,94.0,高频热搜词,低
功能词,csv打开乱码转换excel表格,87.0,"高频热搜词,黑马词",低
功能词,excel表格不能编辑是怎么回事,84.0,高频热搜词,低
功能词,excel表格边框线怎么设置,78.0,高频热搜词,高
功能词,excel表格大小怎么调,72.0,-,高
功能词,excel表格公式下拉数据不变化怎么办,71.0,-,低
功能词,excel表格合并同类项,69.0,-,低
功能词,excel表格sumif函数怎么用,67.0,-,高
功能词,excel表格打勾,63.0,-,高
功能词,excel表格底色去不掉,62.0,-,低
功能词,excel表格匹配另一个表格数据,62.0,"高频热搜词,黑马词",高
功能词,excel表格怎么筛选重复数据,61.0,-,高
功能词,excel表格不良率公式,61.0,黑马词,高
功能词,excel表格对比两列数据,59.0,-,高
功能词,excel表格冻结首行,57.0,黑马词,高
功能词,excel表格里的文字怎么竖着写,56.0,-,低
功能词,excel表格不受控制自己滚动,56.0,-,低
功能词,excel表格乘法公式怎么输入,52.0,"高频热搜词,黑马词",高
功能词,excel表格筛选快捷键,51.0,-,高
功能词,excel表格不受控制自己跳动,49.0,-,低
功能词,excel表格合并单元格保留所有内容,49.0,黑马词,高
功能词,excel表格分列拆分,48.0,-,低
功能词,excel表格复制,48.0,-,高
功能词,excel表格插一列快捷键,47.0,-,高
功能词,excel表格表头怎么打印每页都有,47.0,-,低
功能词,excel表格方向键不能移动单元格,46.0,高频热搜词,低
功能词,excel表格打印不居中,46.0,-,低
功能词,excel表格的后缀名是什么,43.0,-,高
功能词,excel表格打钩,43.0,-,低
功能词,excel表格怎么换行不换格,42.0,-,高
功能词,excel表格打印时被分成两半怎么办,42.0,高频热搜词,低
功能词,excel表格怎么快速求和,42.0,黑马词,高
功能词,excel表格固定表头怎么设置,42.0,-,高
功能词,excel表格对比找差异,41.0,-,低
功能词,excel表格高亮行列在哪里,38.0,-,低
功能词,excel表格不能上下移动,38.0,-,高
功能词,excel表格不能编辑,38.0,-,高
功能词,excel表格放大,37.0,-,低
功能词,excel表格sheet怎么加颜色,37.0,-,低
功能词,excel表格出现虚线框怎么取消,36.0,-,低
功能词,excel表格透视表,36.0,-,高
功能词,excel表格对角线怎么弄,36.0,-,高
功能词,excel表格里的内容怎么换行,36.0,-,低
功能词,excel表格开根号公式,36.0,-,高
功能词,excel表格等于另一个单元格的内容,36.0,-,低
功能词,excel表格很卡怎样解决,35.0,-,低
功能词,excel表格换行怎么换在一个表格里,35.0,-,低
功能词,excel表格单元格内换行快捷键,35.0,-,高
功能词,excel表格插入word,35.0,-,高
功能词,excel表格大写数字怎么自动生成,34.0,-,低
功能词,excel表格里方框打勾怎么打,33.0,-,低
功能词,excel表格百分比怎么算,33.0,-,高
功能词,excel表格宏了怎么解除,33.0,-,低
功能词,excel比对表格内容怎么比对,33.0,-,低
功能词,excel表格换不了行怎么办,32.0,-,低
功能词,excel表格滚轮横着滚,32.0,-,低
功能词,excel表格共享多人编辑,32.0,-,高
功能词,excel表格方框里怎么打勾,31.0,-,低
功能词,excel表格打印每页固定表头,31.0,-,低
功能词,excel表格ref错误的解决方法,30.0,-,低
功能词,excel表格第二页顶框没线,30.0,-,低
功能词,excel表格两行合并成一行,30.0,黑马词,低
功能词,excel表格宽度自适应文字,30.0,-,低
功能词,excel表格截屏怎么弄,30.0,-,高
功能词,excel表格查找对应数据,30.0,-,低
功能词,excel表格超出范围怎么调整,30.0,-,低
功能词,excel表格加选项怎么设置,30.0,-,低
功能词,excel表格点击单元格都变颜色,30.0,-,低
功能词,excel表格0不显示,30.0,-,高
功能词,excel表格合并内容,30.0,-,低
功能词,excel表格复制到word里怎么去掉表格,29.0,-,低
功能词,excel表格底部任务栏不见了,29.0,-,低
功能词,excel表格加页码,29.0,-,高
功能词,excel表格比对两个表格相同内容,29.0,高频热搜词,低
功能词,excel表格对比两列数据重复,29.0,-,低
功能词,excel表格打印出来是空白的,29.0,-,高
功能词,excel表格功能,29.0,-,高
功能词,excel表格可以转换成word文档吗,28.0,"高频热搜词,黑马词",高
功能词,excel表格变成工作组了怎么转换回来,28.0,-,低
功能词,excel表格剪切的快捷键,28.0,-,高
功能词,excel表格将数字转换成大写金额,28.0,-,高
功能词,excel表格复制到word里怎么调整大小,28.0,-,高
功能词,excel表格加斜线一分为二,27.0,-,高
功能词,excel表格滚动幅度太大,27.0,-,低
功能词,excel表格间距怎么统一调整,27.0,黑马词,低
功能词,excel表格round公式怎么用,27.0,-,低
功能词,excel表格函数vlookup怎么用,26.0,-,高
功能词,excel表格颜色怎么去掉底色,26.0,-,高
功能词,excel表格批量添加文字,26.0,-,高
功能词,excel表格老是跳出绘图工具,26.0,-,低
功能词,excel表格换行不换格,25.0,-,高
功能词,excel表格向下拉数字不递增,25.0,-,低
功能词,excel表格算平均值,25.0,-,高
功能词,excel表格定位功能在哪,25.0,-,低
功能词,excel表格标点符号在行首怎么办,24.0,-,低
功能词,excel表格不能修改是怎么回事,24.0,-,低
功能词,excel表格alt+=怎么用不了,24.0,-,低
功能词,excel表格不小心删除了怎么恢复,24.0,-,低
功能词,excel表格可以直接打印吗,24.0,-,低
功能词,excel表格打斜杠,24.0,-,低
功能词,excel表格框线粗细怎么设置,24.0,-,低
功能词,excel表格格式刷快捷键,24.0,-,低
功能词,excel表格框框里面打勾,23.0,-,低
功能词,excel表格分页虚线怎么调整,23.0,-,低
功能词,excel表格的排序功能怎么用,23.0,-,高
功能词,excel表格数据筛选怎么做,23.0,-,高
功能词,excel表格一分为二,23.0,-,高
功能词,excel表格和wps有什么区别,23.0,-,低
功能词,excel表格电子公章透明,23.0,-,低
功能词,excel表格数据匹配,23.0,-,高
功能词,excel表格两个表格数据对比,23.0,-,高
功能词,excel表格不能滚动了怎么办,22.0,-,低
功能词,excel表格放大缩小的快捷键,22.0,-,高
功能词,excel表格里的序列号怎么自动变化,22.0,-,低
功能词,excel表格考勤表怎么打勾,22.0,-,低
功能词,excel表格边框怎么加粗,22.0,-,低
功能词,excel表格横纵转换,22.0,-,高
功能词,excel表格对号怎么统计数量,22.0,-,低
功能词,excel表格保留2位小数,22.0,-,高
功能词,excel表格人民币大写转换,22.0,-,低
功能词,excel表格调整行距,22.0,-,高
功能词,excel表格打印怎么连续不断开,22.0,-,低
功能词,excel表格空白填充横杠,21.0,-,高
功能词,excel表格目录索引怎么做,21.0,-,低
功能词,excel表格筛选功能怎么用,21.0,-,低
功能词,excel表格里0显示为横线,21.0,-,低
功能词,excel表格编辑不了,21.0,-,高
功能词,excel表格当中怎么把公式变成数据,21.0,-,低
功能词,excel表格单元格如何设置选项,21.0,-,高
功能词,excel表格 换行,21.0,-,低
功能词,excel表格打开是乱码怎么办,20.0,-,高
功能词,excel表格复制到wo r d,20.0,-,低
功能词,excel表格过大怎么缩小,20.0,-,低
功能词,excel表格分页符怎么弄,20.0,-,高
功能词,excel表格横向变纵向,20.0,-,高
功能词,excel表格底色变黄,20.0,-,低
功能词,excel表格空白处填充0,20.0,-,高
功能词,excel表格高度最大拉不动了,20.0,-,低
功能词,excel表格怎么解锁,20.0,-,高
功能词,excel表格多行,20.0,-,低
功能词,excel表格的滚动条滚动的幅度太大怎么改,19.0,-,低
功能词,"excel表格比较两列数据,不一样标注",19.0,-,低
功能词,excel表格截取前几位,19.0,-,低
功能词,excel表格分割线怎么弄,19.0,-,高
功能词,excel表格绝对值符号怎么输入,19.0,-,低
功能词,excel表格很卡,19.0,-,高
功能词,excel表格高亮显示,19.0,-,低
功能词,excel表格可以选择内容填写,19.0,-,低
功能词,excel表格公文格式,19.0,-,高
功能词,excel表格编号,19.0,-,高
功能词,excel比较两个表格差异,18.0,-,低
功能词,excel表格电话号码变成乱码,18.0,-,低
功能词,excel表格框框里面打勾怎么弄,18.0,-,高
功能词,excel表格打印如何每页都有表头,18.0,-,高
功能词,excel表格表头怎么设置每页都有,18.0,-,低
功能词,excel表格背景灰色怎么调白色,18.0,-,低
功能词,excel表格里的英文怎么全改成大写,18.0,-,低
功能词,excel表格基础入门,18.0,-,低
功能词,excel表格共享怎么取消,18.0,-,低
功能词,excel表格里的名字怎么复制到word表格里,18.0,-,低
功能词,excel表格的方框里面如何打勾,17.0,-,低
功能词,excel表格光标移动时单元格不动,17.0,-,低
功能词,2张excel表格里面比对相同的数据,17.0,-,高
功能词,excel表格批量建文件夹,17.0,-,低
功能词,excel表格两个表格匹配数据,17.0,-,高
功能词,excel表格汇总多个表格数据,17.0,-,低
功能词,excel表格多页打印边框不完整,17.0,-,低
功能词,excel表格公式结果显示为0,17.0,-,低
功能词,excel表格里方框里打勾勾怎么填,16.0,-,低
功能词,excel表格冻结首行和首列,16.0,-,低
功能词,excel表格合并后居中快捷键,16.0,-,高
功能词,excel表格里打勾怎么打,16.0,-,低
功能词,excel表格插入折线图,16.0,-,高
功能词,excel表格段落在哪里,16.0,-,低
功能词,excel表格乘法自动生成,16.0,-,高
功能词,excel表格横向数据怎么转纵向,16.0,-,低
功能词,excel表格到期时间公式,16.0,-,高
功能词,excel表格汇总求和,16.0,-,低
功能词,excel表格带单位求和,16.0,-,高
功能词,excel 超级表格,16.0,-,高
功能词,excel表格打印显示不全怎么调整,16.0,-,低
功能词,excel表格版本,16.0,-,高
功能词,excel表格a列,16.0,-,低
功能词,excel表格高亮重复项在哪里,15.0,-,低
功能词,excel表格到iv尽头了怎么接,15.0,-,低
功能词,excel表格反选的快捷键是什么,15.0,-,低
功能词,excel表格金额小写转大写,15.0,-,高
功能词,excel表格底部标题栏不见了,15.0,-,低
功能词,excel表格窗体在哪里,15.0,-,低
功能词,excel表格绝对引用快捷键,15.0,-,高
功能词,excel表格打印换页后表格线不全,15.0,-,低
功能词,excel表格单元格锁定怎么解锁,15.0,-,低
功能词,excel表格生成条形码,15.0,-,高
功能词,excel表格快速选择区域,15.0,-,低
功能词,excel表格激活码,15.0,-,低
功能词,excel表格点击时横竖都带颜色,15.0,-,低
功能词,excel 表格斜线,15.0,-,高
功能词,excel表格百分比计算公式,15.0,-,高
功能词,excel表格空白格怎么去掉,14.0,-,低
功能词,excel表格打不开了是怎么回事,14.0,-,低
功能词,excel表格countifs函数,14.0,-,高
功能词,excel表格怎么把两个表格合并,14.0,-,低
功能词,excel表格横版变竖版,14.0,-,高
功能词,excel表格的换行快捷键,14.0,-,中
功能词,excel表格工资表怎么生成个人单个的表格,14.0,-,低
功能词,excel表格更新按哪个键,14.0,-,低
功能词,excel表格分数怎么打,14.0,-,低
功能词,excel表格繁体文字怎么转换为简体,14.0,-,高
功能词,excel表格的边框颜色怎么调都没反应,14.0,-,低
功能词,excel表格工具栏怎么显示出来,14.0,-,低
功能词,excel表格备注的文字怎么显示出来,14.0,-,低
功能词,excel表格打印有空白页怎么删除,14.0,-,低
功能词,excel表格第一行固定,14.0,-,高
功能词,excel表格 查重,14.0,-,低
功能词,excel表格里的英文小写怎么变成大写,14.0,-,低
功能词,excel表格复制怎么保留原格式,14.0,-,低
功能词,excel表格不自动计算,14.0,-,低
功能词,excel表格单位,14.0,-,高
功能词,excel表格不符合限制条件,13.0,-,低
功能词,excel表格过长如何分页,13.0,-,低
功能词,excel表格光标变成十字光标,13.0,-,低
功能词,excel表格打开乱码怎么解决,13.0,-,高
功能词,2003版本的excel表格,13.0,-,高
功能词,excel表格并列显示,13.0,-,低
功能词,excel表格打不上字怎么办,12.0,-,高
功能词,excel表格复制到word里面显示不全怎么办,12.0,-,低
功能词,excel表格跨页断行没有表格线,12.0,-,低
功能词,excel表格可以插入视频吗,12.0,-,低
功能词,excel表格多余的空白页怎么删除,12.0,-,低
功能词,excel表格宽度无法拉动,12.0,-,低
功能词,excel表格打开后一闪一闪,12.0,-,低
功能词,c2e表格输出到excel插件,12.0,-,低
功能词,excel表格ctrl+e,12.0,-,低
功能词,excel表格合并两列数据,12.0,-,低
功能词,excel表格对比两个表格的不同,12.0,-,低
功能词,excel表格除法公式怎么保留两位小数,12.0,-,低
功能词,excel表格放入word,12.0,-,低
功能词,excel表格基础制作教程,12.0,-,低
功能词,excel表格密钥,12.0,-,高
功能词,excel表格加密码怎么取消密码,12.0,-,低
功能词,excel表格计算公式加减乘除,12.0,高频热搜词,低
功能词,excel表格查询快捷键,12.0,-,高
功能词,excel表格把一列内容分到好几列,11.0,-,低
功能词,excel表格rank函数怎么用,11.0,-,高
功能词,excel表格可以勾选多种选项,11.0,-,低
功能词,excel表格单元格乘以一个数,11.0,-,低
功能词,excel表格斤快速算公斤公式,11.0,-,低
功能词,excel表格合并同类项求和,11.0,-,高
功能词,excel表格创建组加号显示在前面,11.0,-,低
功能词,excel表格标题栏如何在每页开头出现,11.0,-,低
功能词,excel表格不能编辑还是灰色的,11.0,-,低
功能词,excel表格打印虚线怎么去掉,11.0,-,中
功能词,excel表格比对两列数据筛选相同,11.0,-,低
功能词,excel表格分行快捷键,11.0,-,低
功能词,excel表格后面的0怎么显示出来,11.0,-,低
功能词,excel表格划斜线,11.0,-,高
功能词,excel表格分成了4份,11.0,-,低
功能词,excel表格换行键,11.0,-,低
功能词,excel表格里公式怎么用,11.0,-,低
功能词,excel表格公式乘法怎么输入,11.0,-,低
功能词,excel表格0怎么不显示,11.0,-,高
功能词,excel表格宏代码,11.0,-,低
功能词,excel表格合并数据,11.0,-,高
功能词,excel表格查找数据,11.0,-,高
功能词,excel表格公式计算后如何保留整数,11.0,-,低
功能词,excel表格复制之后不能粘贴是什么原因,10.0,-,低
功能词,excel表格看不到底部的其他表格,10.0,-,低
功能词,excel表格复制不了怎么回事,10.0,-,高
功能词,excel表格拉数字不变怎么办,10.0,-,低
功能词,excel表格顿号分到不同表格,10.0,-,低
功能词,excel表格函数有哪些,10.0,-,低
功能词,excel表格分两页怎么变一页,10.0,-,低
功能词,excel表格高级筛选怎么用,10.0,-,高
功能词,excel表格框里打勾怎么弄,10.0,-,低
功能词,excel表格对号加框怎么打,10.0,-,低
功能词,excel表格工具栏点了没反应,10.0,-,低
功能词,excel表格次方怎么打出来,10.0,-,高
功能词,excel表格按月生成新表格,10.0,-,低
功能词,excel表格横向怎么求和,10.0,-,高
功能词,excel表格的百分比例怎么做,10.0,-,高
功能词,excel表格边框怎么加,10.0,-,高
功能词,excel表格表头打印怎么每页都有,10.0,-,低
功能词,excel表格按百分比填充颜色,10.0,-,低
功能词,excel表格固定选项,10.0,-,低
功能词,excel表格里的颜色改不了,10.0,-,低
功能词,excel表格复制进word显示不全,10.0,-,低
功能词,excel表格底色,10.0,-,高
功能词,excel表格2010,10.0,-,高
功能词,excel表格边框怎么设置,10.0,-,高
功能词,excel 插入表格,10.0,-,低
功能词,excel表格打印页面只有一半怎么调,10.0,-,低
