关键词,一级分类,二级主题,搜索意图,搜索热度,热度分,数据来源
wps aipdf转word,AI品牌词,pdf转word,WPS AI,低,0.5,工具知名度+词属性评估（相对热度档位）
wps ai下载,AI品牌词,下载,WPS AI,中,0.6,工具知名度+词属性评估（相对热度档位）
wps ai做excel图表,AI品牌词,做excel图表,WPS AI,低,0.5,工具知名度+词属性评估（相对热度档位）
wps ai做ppt,AI品牌词,做ppt,WPS AI,低,0.5,工具知名度+词属性评估（相对热度档位）
wps ai做周报,AI品牌词,做周报,WPS AI,低,0.5,工具知名度+词属性评估（相对热度档位）
wps ai做思维导图,AI品牌词,做思维导图,WPS AI,低,0.5,工具知名度+词属性评估（相对热度档位）
wps ai做数据透视表,AI品牌词,做数据透视表,WPS AI,低,0.5,工具知名度+词属性评估（相对热度档位）
wps ai做表格,AI品牌词,做表格,WPS AI,低,0.5,工具知名度+词属性评估（相对热度档位）
wps ai入口,AI品牌词,入口,WPS AI,中,0.6,工具知名度+词属性评估（相对热度档位）
wps ai写excel公式,AI品牌词,写excel公式,WPS AI,低,0.5,工具知名度+词属性评估（相对热度档位）
wps ai写产品介绍,AI品牌词,写产品介绍,WPS AI,中,0.6,工具知名度+词属性评估（相对热度档位）
wps ai写会议纪要,AI品牌词,写会议纪要,WPS AI,低,0.5,工具知名度+词属性评估（相对热度档位）
wps ai写会议通知,AI品牌词,写会议通知,WPS AI,低,0.5,工具知名度+词属性评估（相对热度档位）
wps ai写作,AI品牌词,写作,WPS AI,低,0.5,工具知名度+词属性评估（相对热度档位）
wps ai写作文,AI品牌词,写作文,WPS AI,低,0.5,工具知名度+词属性评估（相对热度档位）
wps ai写公文,AI品牌词,写公文,WPS AI,低,0.5,工具知名度+词属性评估（相对热度档位）
wps ai写合同,AI品牌词,写合同,WPS AI,低,0.5,工具知名度+词属性评估（相对热度档位）
wps ai写周报,AI品牌词,写周报,WPS AI,低,0.5,工具知名度+词属性评估（相对热度档位）
wps ai写小红书文案,AI品牌词,写小红书文案,WPS AI,低,0.5,工具知名度+词属性评估（相对热度档位）
wps ai写小说,AI品牌词,写小说,WPS AI,低,0.5,工具知名度+词属性评估（相对热度档位）
wps ai写工作总结,AI品牌词,写工作总结,WPS AI,低,0.5,工具知名度+词属性评估（相对热度档位）
wps ai写广告文案,AI品牌词,写广告文案,WPS AI,低,0.5,工具知名度+词属性评估（相对热度档位）
wps ai写报告,AI品牌词,写报告,WPS AI,低,0.5,工具知名度+词属性评估（相对热度档位）
wps ai写推文,AI品牌词,写推文,WPS AI,低,0.5,工具知名度+词属性评估（相对热度档位）
wps ai写文案,AI品牌词,写文案,WPS AI,低,0.5,工具知名度+词属性评估（相对热度档位）
wps ai写新闻稿,AI品牌词,写新闻稿,WPS AI,低,0.5,工具知名度+词属性评估（相对热度档位）
wps ai写方案,AI品牌词,写方案,WPS AI,低,0.5,工具知名度+词属性评估（相对热度档位）
wps ai写日记,AI品牌词,写日记,WPS AI,低,0.5,工具知名度+词属性评估（相对热度档位）
wps ai写朋友圈文案,AI品牌词,写朋友圈文案,WPS AI,低,0.5,工具知名度+词属性评估（相对热度档位）
wps ai写标题,AI品牌词,写标题,WPS AI,低,0.5,工具知名度+词属性评估（相对热度档位）
wps ai写演讲稿,AI品牌词,写演讲稿,WPS AI,低,0.5,工具知名度+词属性评估（相对热度档位）
wps ai写简历,AI品牌词,写简历,WPS AI,低,0.5,工具知名度+词属性评估（相对热度档位）
wps ai写脚本,AI品牌词,写脚本,WPS AI,低,0.5,工具知名度+词属性评估（相对热度档位）
wps ai写论文,AI品牌词,写论文,WPS AI,低,0.5,工具知名度+词属性评估（相对热度档位）
wps ai写诗,AI品牌词,写诗,WPS AI,低,0.5,工具知名度+词属性评估（相对热度档位）
wps ai写请假条,AI品牌词,写请假条,WPS AI,低,0.5,工具知名度+词属性评估（相对热度档位）
wps ai写读后感,AI品牌词,写读后感,WPS AI,低,0.5,工具知名度+词属性评估（相对热度档位）
wps ai写调研报告,AI品牌词,写调研报告,WPS AI,低,0.5,工具知名度+词属性评估（相对热度档位）
wps ai写辞职信,AI品牌词,写辞职信,WPS AI,低,0.5,工具知名度+词属性评估（相对热度档位）
wps ai写通知,AI品牌词,写通知,WPS AI,低,0.5,工具知名度+词属性评估（相对热度档位）
wps ai写邮件,AI品牌词,写邮件,WPS AI,低,0.5,工具知名度+词属性评估（相对热度档位）
wps ai写项目总结,AI品牌词,写项目总结,WPS AI,低,0.5,工具知名度+词属性评估（相对热度档位）
wps ai功能介绍,AI品牌词,功能介绍,WPS AI,中,0.6,工具知名度+词属性评估（相对热度档位）
wps ai和灵犀区别,AI品牌词,和灵犀区别,WPS灵犀,中,0.6,工具知名度+词属性评估（相对热度档位）
wps ai好用吗,AI品牌词,好用吗,WPS AI,中,0.6,工具知名度+词属性评估（相对热度档位）
wps ai官网,AI品牌词,官网,WPS AI,中,0.6,工具知名度+词属性评估（相对热度档位）
wps ai怎么样,AI品牌词,怎么样,WPS AI,中,0.6,工具知名度+词属性评估（相对热度档位）
wps ai怎么用,AI品牌词,怎么用,WPS AI,中,0.6,工具知名度+词属性评估（相对热度档位）
wps ai怎么登录,AI品牌词,怎么登录,WPS AI,中,0.6,工具知名度+词属性评估（相对热度档位）
wps ai总结,AI品牌词,总结,WPS AI,低,0.5,工具知名度+词属性评估（相对热度档位）
wps ai总结pdf,AI品牌词,总结pdf,WPS AI,低,0.5,工具知名度+词属性评估（相对热度档位）
wps ai提取pdf文字,AI品牌词,提取pdf文字,WPS AI,低,0.5,工具知名度+词属性评估（相对热度档位）
wps ai教程,AI品牌词,教程,WPS AI,中,0.6,工具知名度+词属性评估（相对热度档位）
wps ai数据分析,AI品牌词,数据分析,WPS AI,低,0.5,工具知名度+词属性评估（相对热度档位）
wps ai整理会议记录,AI品牌词,整理会议记录,WPS AI,低,0.5,工具知名度+词属性评估（相对热度档位）
wps ai整理文档,AI品牌词,整理文档,WPS AI,低,0.5,工具知名度+词属性评估（相对热度档位）
wps ai文档校对,AI品牌词,文档校对,WPS AI,低,0.5,工具知名度+词属性评估（相对热度档位）
wps ai文档润色,AI品牌词,文档润色,WPS AI,低,0.5,工具知名度+词属性评估（相对热度档位）
wps ai是什么,AI品牌词,是什么,WPS AI,中,0.6,工具知名度+词属性评估（相对热度档位）
wps ai是什么工具,AI品牌词,是什么工具,WPS AI,中,0.6,工具知名度+词属性评估（相对热度档位）
wps ai是什么意思,AI品牌词,是什么意思,WPS AI,中,0.6,工具知名度+词属性评估（相对热度档位）
wps ai智能文档,AI品牌词,智能文档,WPS AI,低,0.5,工具知名度+词属性评估（相对热度档位）
wps ai有什么功能,AI品牌词,有什么功能,WPS AI,中,0.6,工具知名度+词属性评估（相对热度档位）
wps ai有什么用,AI品牌词,有什么用,WPS AI,中,0.6,工具知名度+词属性评估（相对热度档位）
wps ai有哪些功能,AI品牌词,有哪些功能,WPS AI,中,0.6,工具知名度+词属性评估（相对热度档位）
wps ai格式转换,AI品牌词,格式转换,WPS AI,低,0.5,工具知名度+词属性评估（相对热度档位）
wps ai生成ppt,AI品牌词,生成ppt,WPS AI,低,0.5,工具知名度+词属性评估（相对热度档位）
wps ai生成图表,AI品牌词,生成图表,WPS AI,低,0.5,工具知名度+词属性评估（相对热度档位）
wps ai生成汇报ppt,AI品牌词,生成汇报ppt,WPS AI,低,0.5,工具知名度+词属性评估（相对热度档位）
wps ai登录,AI品牌词,登录,WPS AI,中,0.6,工具知名度+词属性评估（相对热度档位）
wps ai翻译,AI品牌词,翻译,WPS AI,低,0.5,工具知名度+词属性评估（相对热度档位）
wps ai翻译文档,AI品牌词,翻译文档,WPS AI,低,0.5,工具知名度+词属性评估（相对热度档位）
wps ai语音转文字,AI品牌词,语音转文字,WPS AI,低,0.5,工具知名度+词属性评估（相对热度档位）
wps ai账号怎么注册,AI品牌词,账号怎么注册,WPS AI,中,0.6,工具知名度+词属性评估（相对热度档位）
wps ai问答,AI品牌词,问答,WPS AI,低,0.5,工具知名度+词属性评估（相对热度档位）
wpsaipdf转word,AI品牌词,pdf转word,WPS AI,低,0.5,工具知名度+词属性评估（相对热度档位）
wpsai做excel图表,AI品牌词,做excel图表,WPS AI,低,0.5,工具知名度+词属性评估（相对热度档位）
wpsai做ppt,AI品牌词,做ppt,WPS AI,低,0.5,工具知名度+词属性评估（相对热度档位）
wpsai做周报,AI品牌词,做周报,WPS AI,低,0.5,工具知名度+词属性评估（相对热度档位）
wpsai做思维导图,AI品牌词,做思维导图,WPS AI,低,0.5,工具知名度+词属性评估（相对热度档位）
wpsai做数据透视表,AI品牌词,做数据透视表,WPS AI,低,0.5,工具知名度+词属性评估（相对热度档位）
wpsai做表格,AI品牌词,做表格,WPS AI,低,0.5,工具知名度+词属性评估（相对热度档位）
wpsai写excel公式,AI品牌词,写excel公式,WPS AI,低,0.5,工具知名度+词属性评估（相对热度档位）
wpsai写产品介绍,AI品牌词,写产品介绍,WPS AI,中,0.6,工具知名度+词属性评估（相对热度档位）
wpsai写会议纪要,AI品牌词,写会议纪要,WPS AI,低,0.5,工具知名度+词属性评估（相对热度档位）
wpsai写会议通知,AI品牌词,写会议通知,WPS AI,低,0.5,工具知名度+词属性评估（相对热度档位）
wpsai写作文,AI品牌词,写作文,WPS AI,低,0.5,工具知名度+词属性评估（相对热度档位）
wpsai写公文,AI品牌词,写公文,WPS AI,低,0.5,工具知名度+词属性评估（相对热度档位）
wpsai写合同,AI品牌词,写合同,WPS AI,低,0.5,工具知名度+词属性评估（相对热度档位）
wpsai写周报,AI品牌词,写周报,WPS AI,低,0.5,工具知名度+词属性评估（相对热度档位）
wpsai写小红书文案,AI品牌词,写小红书文案,WPS AI,低,0.5,工具知名度+词属性评估（相对热度档位）
wpsai写小说,AI品牌词,写小说,WPS AI,低,0.5,工具知名度+词属性评估（相对热度档位）
wpsai写工作总结,AI品牌词,写工作总结,WPS AI,低,0.5,工具知名度+词属性评估（相对热度档位）
wpsai写广告文案,AI品牌词,写广告文案,WPS AI,低,0.5,工具知名度+词属性评估（相对热度档位）
wpsai写报告,AI品牌词,写报告,WPS AI,低,0.5,工具知名度+词属性评估（相对热度档位）
wpsai写推文,AI品牌词,写推文,WPS AI,低,0.5,工具知名度+词属性评估（相对热度档位）
wpsai写文案,AI品牌词,写文案,WPS AI,低,0.5,工具知名度+词属性评估（相对热度档位）
wpsai写新闻稿,AI品牌词,写新闻稿,WPS AI,低,0.5,工具知名度+词属性评估（相对热度档位）
wpsai写方案,AI品牌词,写方案,WPS AI,低,0.5,工具知名度+词属性评估（相对热度档位）
wpsai写日记,AI品牌词,写日记,WPS AI,低,0.5,工具知名度+词属性评估（相对热度档位）
wpsai写朋友圈文案,AI品牌词,写朋友圈文案,WPS AI,低,0.5,工具知名度+词属性评估（相对热度档位）
wpsai写标题,AI品牌词,写标题,WPS AI,低,0.5,工具知名度+词属性评估（相对热度档位）
wpsai写演讲稿,AI品牌词,写演讲稿,WPS AI,低,0.5,工具知名度+词属性评估（相对热度档位）
wpsai写简历,AI品牌词,写简历,WPS AI,低,0.5,工具知名度+词属性评估（相对热度档位）
wpsai写脚本,AI品牌词,写脚本,WPS AI,低,0.5,工具知名度+词属性评估（相对热度档位）
wpsai写论文,AI品牌词,写论文,WPS AI,低,0.5,工具知名度+词属性评估（相对热度档位）
wpsai写诗,AI品牌词,写诗,WPS AI,低,0.5,工具知名度+词属性评估（相对热度档位）
wpsai写请假条,AI品牌词,写请假条,WPS AI,低,0.5,工具知名度+词属性评估（相对热度档位）
wpsai写读后感,AI品牌词,写读后感,WPS AI,低,0.5,工具知名度+词属性评估（相对热度档位）
wpsai写调研报告,AI品牌词,写调研报告,WPS AI,低,0.5,工具知名度+词属性评估（相对热度档位）
wpsai写辞职信,AI品牌词,写辞职信,WPS AI,低,0.5,工具知名度+词属性评估（相对热度档位）
wpsai写通知,AI品牌词,写通知,WPS AI,低,0.5,工具知名度+词属性评估（相对热度档位）
wpsai写邮件,AI品牌词,写邮件,WPS AI,低,0.5,工具知名度+词属性评估（相对热度档位）
wpsai写项目总结,AI品牌词,写项目总结,WPS AI,低,0.5,工具知名度+词属性评估（相对热度档位）
wpsai功能介绍,AI品牌词,功能介绍,WPS AI,中,0.6,工具知名度+词属性评估（相对热度档位）
wpsai好用吗,AI品牌词,好用吗,WPS AI,中,0.6,工具知名度+词属性评估（相对热度档位）
wpsai怎么样,AI品牌词,怎么样,WPS AI,中,0.6,工具知名度+词属性评估（相对热度档位）
wpsai怎么登录,AI品牌词,怎么登录,WPS AI,中,0.6,工具知名度+词属性评估（相对热度档位）
wpsai总结pdf,AI品牌词,总结pdf,WPS AI,低,0.5,工具知名度+词属性评估（相对热度档位）
wpsai提取pdf文字,AI品牌词,提取pdf文字,WPS AI,低,0.5,工具知名度+词属性评估（相对热度档位）
wpsai数据分析,AI品牌词,数据分析,WPS AI,低,0.5,工具知名度+词属性评估（相对热度档位）
wpsai整理会议记录,AI品牌词,整理会议记录,WPS AI,低,0.5,工具知名度+词属性评估（相对热度档位）
wpsai整理文档,AI品牌词,整理文档,WPS AI,低,0.5,工具知名度+词属性评估（相对热度档位）
wpsai文档校对,AI品牌词,文档校对,WPS AI,低,0.5,工具知名度+词属性评估（相对热度档位）
wpsai文档润色,AI品牌词,文档润色,WPS AI,低,0.5,工具知名度+词属性评估（相对热度档位）
wpsai是什么,AI品牌词,是什么,WPS AI,中,0.6,工具知名度+词属性评估（相对热度档位）
wpsai是什么意思,AI品牌词,是什么意思,WPS AI,中,0.6,工具知名度+词属性评估（相对热度档位）
wpsai有什么功能,AI品牌词,有什么功能,WPS AI,中,0.6,工具知名度+词属性评估（相对热度档位）
wpsai有哪些功能,AI品牌词,有哪些功能,WPS AI,中,0.6,工具知名度+词属性评估（相对热度档位）
wpsai格式转换,AI品牌词,格式转换,WPS AI,低,0.5,工具知名度+词属性评估（相对热度档位）
wpsai生成图表,AI品牌词,生成图表,WPS AI,低,0.5,工具知名度+词属性评估（相对热度档位）
wpsai生成汇报ppt,AI品牌词,生成汇报ppt,WPS AI,低,0.5,工具知名度+词属性评估（相对热度档位）
wpsai翻译文档,AI品牌词,翻译文档,WPS AI,低,0.5,工具知名度+词属性评估（相对热度档位）
wpsai语音转文字,AI品牌词,语音转文字,WPS AI,低,0.5,工具知名度+词属性评估（相对热度档位）
wpsai账号怎么注册,AI品牌词,账号怎么注册,WPS AI,中,0.6,工具知名度+词属性评估（相对热度档位）
wps灵犀pdf转word,AI品牌词,pdf转word,WPS灵犀,低,0.5,工具知名度+词属性评估（相对热度档位）
wps灵犀下载,AI品牌词,下载,WPS灵犀,中,0.6,工具知名度+词属性评估（相对热度档位）
wps灵犀会议纪要,AI品牌词,会议纪要,WPS灵犀,低,0.5,工具知名度+词属性评估（相对热度档位）
wps灵犀做excel图表,AI品牌词,做excel图表,WPS灵犀,低,0.5,工具知名度+词属性评估（相对热度档位）
wps灵犀做ppt,AI品牌词,做ppt,WPS灵犀,低,0.5,工具知名度+词属性评估（相对热度档位）
wps灵犀做周报,AI品牌词,做周报,WPS灵犀,低,0.5,工具知名度+词属性评估（相对热度档位）
wps灵犀做思维导图,AI品牌词,做思维导图,WPS灵犀,低,0.5,工具知名度+词属性评估（相对热度档位）
wps灵犀做数据透视表,AI品牌词,做数据透视表,WPS灵犀,低,0.5,工具知名度+词属性评估（相对热度档位）
wps灵犀做表格,AI品牌词,做表格,WPS灵犀,低,0.5,工具知名度+词属性评估（相对热度档位）
wps灵犀入口,AI品牌词,入口,WPS灵犀,中,0.6,工具知名度+词属性评估（相对热度档位）
wps灵犀写excel公式,AI品牌词,写excel公式,WPS灵犀,低,0.5,工具知名度+词属性评估（相对热度档位）
wps灵犀写产品介绍,AI品牌词,写产品介绍,WPS灵犀,中,0.6,工具知名度+词属性评估（相对热度档位）
wps灵犀写会议纪要,AI品牌词,写会议纪要,WPS灵犀,低,0.5,工具知名度+词属性评估（相对热度档位）
wps灵犀写会议通知,AI品牌词,写会议通知,WPS灵犀,低,0.5,工具知名度+词属性评估（相对热度档位）
wps灵犀写作文,AI品牌词,写作文,WPS灵犀,低,0.5,工具知名度+词属性评估（相对热度档位）
wps灵犀写公文,AI品牌词,写公文,WPS灵犀,低,0.5,工具知名度+词属性评估（相对热度档位）
wps灵犀写合同,AI品牌词,写合同,WPS灵犀,低,0.5,工具知名度+词属性评估（相对热度档位）
wps灵犀写周报,AI品牌词,写周报,WPS灵犀,低,0.5,工具知名度+词属性评估（相对热度档位）
wps灵犀写小红书文案,AI品牌词,写小红书文案,WPS灵犀,低,0.5,工具知名度+词属性评估（相对热度档位）
wps灵犀写小说,AI品牌词,写小说,WPS灵犀,低,0.5,工具知名度+词属性评估（相对热度档位）
wps灵犀写工作总结,AI品牌词,写工作总结,WPS灵犀,低,0.5,工具知名度+词属性评估（相对热度档位）
wps灵犀写广告文案,AI品牌词,写广告文案,WPS灵犀,低,0.5,工具知名度+词属性评估（相对热度档位）
wps灵犀写报告,AI品牌词,写报告,WPS灵犀,低,0.5,工具知名度+词属性评估（相对热度档位）
wps灵犀写推文,AI品牌词,写推文,WPS灵犀,低,0.5,工具知名度+词属性评估（相对热度档位）
wps灵犀写文案,AI品牌词,写文案,WPS灵犀,低,0.5,工具知名度+词属性评估（相对热度档位）
wps灵犀写新闻稿,AI品牌词,写新闻稿,WPS灵犀,低,0.5,工具知名度+词属性评估（相对热度档位）
wps灵犀写方案,AI品牌词,写方案,WPS灵犀,低,0.5,工具知名度+词属性评估（相对热度档位）
wps灵犀写日记,AI品牌词,写日记,WPS灵犀,低,0.5,工具知名度+词属性评估（相对热度档位）
wps灵犀写朋友圈文案,AI品牌词,写朋友圈文案,WPS灵犀,低,0.5,工具知名度+词属性评估（相对热度档位）
wps灵犀写标题,AI品牌词,写标题,WPS灵犀,低,0.5,工具知名度+词属性评估（相对热度档位）
wps灵犀写演讲稿,AI品牌词,写演讲稿,WPS灵犀,低,0.5,工具知名度+词属性评估（相对热度档位）
wps灵犀写简历,AI品牌词,写简历,WPS灵犀,低,0.5,工具知名度+词属性评估（相对热度档位）
wps灵犀写脚本,AI品牌词,写脚本,WPS灵犀,低,0.5,工具知名度+词属性评估（相对热度档位）
wps灵犀写论文,AI品牌词,写论文,WPS灵犀,低,0.5,工具知名度+词属性评估（相对热度档位）
wps灵犀写诗,AI品牌词,写诗,WPS灵犀,低,0.5,工具知名度+词属性评估（相对热度档位）
wps灵犀写请假条,AI品牌词,写请假条,WPS灵犀,低,0.5,工具知名度+词属性评估（相对热度档位）
wps灵犀写读后感,AI品牌词,写读后感,WPS灵犀,低,0.5,工具知名度+词属性评估（相对热度档位）
wps灵犀写调研报告,AI品牌词,写调研报告,WPS灵犀,低,0.5,工具知名度+词属性评估（相对热度档位）
wps灵犀写辞职信,AI品牌词,写辞职信,WPS灵犀,低,0.5,工具知名度+词属性评估（相对热度档位）
wps灵犀写通知,AI品牌词,写通知,WPS灵犀,低,0.5,工具知名度+词属性评估（相对热度档位）
wps灵犀写邮件,AI品牌词,写邮件,WPS灵犀,低,0.5,工具知名度+词属性评估（相对热度档位）
wps灵犀写项目总结,AI品牌词,写项目总结,WPS灵犀,低,0.5,工具知名度+词属性评估（相对热度档位）
wps灵犀功能介绍,AI品牌词,功能介绍,WPS灵犀,中,0.6,工具知名度+词属性评估（相对热度档位）
wps灵犀哪个好,AI品牌词,哪个好,WPS灵犀,低,0.5,工具知名度+词属性评估（相对热度档位）
wps灵犀好用吗,AI品牌词,好用吗,WPS灵犀,中,0.6,工具知名度+词属性评估（相对热度档位）
wps灵犀官网,AI品牌词,官网,WPS灵犀,中,0.6,工具知名度+词属性评估（相对热度档位）
wps灵犀怎么写,AI品牌词,怎么写,WPS灵犀,低,0.5,工具知名度+词属性评估（相对热度档位）
wps灵犀怎么样,AI品牌词,怎么样,WPS灵犀,中,0.6,工具知名度+词属性评估（相对热度档位）
wps灵犀怎么用,AI品牌词,怎么用,WPS灵犀,中,0.6,工具知名度+词属性评估（相对热度档位）
wps灵犀怎么用最方便,AI品牌词,怎么用最方便,WPS灵犀,中,0.6,工具知名度+词属性评估（相对热度档位）
wps灵犀怎么登录,AI品牌词,怎么登录,WPS灵犀,中,0.6,工具知名度+词属性评估（相对热度档位）
wps灵犀总结pdf,AI品牌词,总结pdf,WPS灵犀,低,0.5,工具知名度+词属性评估（相对热度档位）
wps灵犀提取pdf文字,AI品牌词,提取pdf文字,WPS灵犀,低,0.5,工具知名度+词属性评估（相对热度档位）
wps灵犀教程,AI品牌词,教程,WPS灵犀,中,0.6,工具知名度+词属性评估（相对热度档位）
wps灵犀数据分析,AI品牌词,数据分析,WPS灵犀,低,0.5,工具知名度+词属性评估（相对热度档位）
wps灵犀整理会议记录,AI品牌词,整理会议记录,WPS灵犀,低,0.5,工具知名度+词属性评估（相对热度档位）
wps灵犀整理文档,AI品牌词,整理文档,WPS灵犀,低,0.5,工具知名度+词属性评估（相对热度档位）
wps灵犀文档校对,AI品牌词,文档校对,WPS灵犀,低,0.5,工具知名度+词属性评估（相对热度档位）
wps灵犀文档润色,AI品牌词,文档润色,WPS灵犀,低,0.5,工具知名度+词属性评估（相对热度档位）
wps灵犀是什么,AI品牌词,是什么,WPS灵犀,中,0.6,工具知名度+词属性评估（相对热度档位）
wps灵犀是什么意思,AI品牌词,是什么意思,WPS灵犀,中,0.6,工具知名度+词属性评估（相对热度档位）
wps灵犀有什么功能,AI品牌词,有什么功能,WPS灵犀,中,0.6,工具知名度+词属性评估（相对热度档位）
wps灵犀有哪些功能,AI品牌词,有哪些功能,WPS灵犀,中,0.6,工具知名度+词属性评估（相对热度档位）
wps灵犀格式转换,AI品牌词,格式转换,WPS灵犀,低,0.5,工具知名度+词属性评估（相对热度档位）
wps灵犀生成图表,AI品牌词,生成图表,WPS灵犀,低,0.5,工具知名度+词属性评估（相对热度档位）
wps灵犀生成思维导图,AI品牌词,生成思维导图,WPS灵犀,低,0.5,工具知名度+词属性评估（相对热度档位）
wps灵犀生成汇报ppt,AI品牌词,生成汇报ppt,WPS灵犀,低,0.5,工具知名度+词属性评估（相对热度档位）
wps灵犀翻译文档,AI品牌词,翻译文档,WPS灵犀,低,0.5,工具知名度+词属性评估（相对热度档位）
wps灵犀语音转文字,AI品牌词,语音转文字,WPS灵犀,低,0.5,工具知名度+词属性评估（相对热度档位）
wps灵犀账号怎么注册,AI品牌词,账号怎么注册,WPS灵犀,中,0.6,工具知名度+词属性评估（相对热度档位）
写周报用什么AI工具,AI场景词,写周报,通用,高,0.83,工具知名度+词属性评估（相对热度档位）
写论文用什么AI工具,AI场景词,写论文,通用,高,0.83,工具知名度+词属性评估（相对热度档位）
写文案用什么AI工具,AI场景词,写文案,通用,高,0.83,工具知名度+词属性评估（相对热度档位）
写工作总结用什么AI工具,AI场景词,写工作总结,通用,高,0.83,工具知名度+词属性评估（相对热度档位）
写邮件用什么AI工具,AI场景词,写邮件,通用,高,0.83,工具知名度+词属性评估（相对热度档位）
写演讲稿用什么AI工具,AI场景词,写演讲稿,通用,高,0.83,工具知名度+词属性评估（相对热度档位）
写小说用什么AI工具,AI场景词,写小说,通用,高,0.83,工具知名度+词属性评估（相对热度档位）
写简历用什么AI工具,AI场景词,写简历,通用,高,0.83,工具知名度+词属性评估（相对热度档位）
写小红书文案用什么AI工具,AI场景词,写小红书文案,通用,高,0.83,工具知名度+词属性评估（相对热度档位）
写公文用什么AI工具,AI场景词,写公文,通用,高,0.83,工具知名度+词属性评估（相对热度档位）
写作文用什么AI工具,AI场景词,写作文,通用,高,0.83,工具知名度+词属性评估（相对热度档位）
写方案用什么AI工具,AI场景词,写方案,通用,高,0.83,工具知名度+词属性评估（相对热度档位）
写日记用什么AI工具,AI场景词,写日记,通用,高,0.83,工具知名度+词属性评估（相对热度档位）
写读后感用什么AI工具,AI场景词,写读后感,通用,高,0.83,工具知名度+词属性评估（相对热度档位）
写脚本用什么AI工具,AI场景词,写脚本,通用,高,0.83,工具知名度+词属性评估（相对热度档位）
写标题用什么AI工具,AI场景词,写标题,通用,高,0.83,工具知名度+词属性评估（相对热度档位）
写周报用什么工具,AI场景词,写周报,通用,高,0.83,工具知名度+词属性评估（相对热度档位）
AI写周报,AI场景词,写周报,AI,高,0.75,工具知名度+词属性评估（相对热度档位）
写论文用什么工具,AI场景词,写论文,通用,高,0.83,工具知名度+词属性评估（相对热度档位）
AI写论文,AI场景词,写论文,AI,高,0.75,工具知名度+词属性评估（相对热度档位）
写文案用什么工具,AI场景词,写文案,通用,高,0.83,工具知名度+词属性评估（相对热度档位）
AI写文案,AI场景词,写文案,AI,高,0.75,工具知名度+词属性评估（相对热度档位）
写工作总结用什么工具,AI场景词,写工作总结,通用,高,0.83,工具知名度+词属性评估（相对热度档位）
AI写工作总结,AI场景词,写工作总结,AI,高,0.75,工具知名度+词属性评估（相对热度档位）
写邮件用什么工具,AI场景词,写邮件,通用,高,0.83,工具知名度+词属性评估（相对热度档位）
AI写邮件,AI场景词,写邮件,AI,高,0.75,工具知名度+词属性评估（相对热度档位）
写演讲稿用什么工具,AI场景词,写演讲稿,通用,高,0.83,工具知名度+词属性评估（相对热度档位）
AI写演讲稿,AI场景词,写演讲稿,AI,高,0.75,工具知名度+词属性评估（相对热度档位）
写小说用什么工具,AI场景词,写小说,通用,高,0.83,工具知名度+词属性评估（相对热度档位）
AI写小说,AI场景词,写小说,AI,高,0.75,工具知名度+词属性评估（相对热度档位）
写简历用什么工具,AI场景词,写简历,通用,高,0.83,工具知名度+词属性评估（相对热度档位）
AI写简历,AI场景词,写简历,AI,高,0.75,工具知名度+词属性评估（相对热度档位）
写小红书文案用什么工具,AI场景词,写小红书文案,通用,高,0.83,工具知名度+词属性评估（相对热度档位）
AI写小红书文案,AI场景词,写小红书文案,AI,高,0.75,工具知名度+词属性评估（相对热度档位）
写公文用什么工具,AI场景词,写公文,通用,高,0.83,工具知名度+词属性评估（相对热度档位）
AI写公文,AI场景词,写公文,AI,高,0.75,工具知名度+词属性评估（相对热度档位）
写作文用什么工具,AI场景词,写作文,通用,高,0.83,工具知名度+词属性评估（相对热度档位）
AI写作文,AI场景词,写作文,AI,高,0.75,工具知名度+词属性评估（相对热度档位）
写方案用什么工具,AI场景词,写方案,通用,高,0.83,工具知名度+词属性评估（相对热度档位）
AI写方案,AI场景词,写方案,AI,高,0.75,工具知名度+词属性评估（相对热度档位）
写日记用什么工具,AI场景词,写日记,通用,高,0.83,工具知名度+词属性评估（相对热度档位）
AI写日记,AI场景词,写日记,AI,高,0.75,工具知名度+词属性评估（相对热度档位）
写读后感用什么工具,AI场景词,写读后感,通用,高,0.83,工具知名度+词属性评估（相对热度档位）
AI写读后感,AI场景词,写读后感,AI,高,0.75,工具知名度+词属性评估（相对热度档位）
写脚本用什么工具,AI场景词,写脚本,通用,高,0.83,工具知名度+词属性评估（相对热度档位）
AI写脚本,AI场景词,写脚本,AI,高,0.75,工具知名度+词属性评估（相对热度档位）
写标题用什么工具,AI场景词,写标题,通用,高,0.83,工具知名度+词属性评估（相对热度档位）
AI写标题,AI场景词,写标题,AI,高,0.75,工具知名度+词属性评估（相对热度档位）
生成头像用什么AI工具,AI场景词,生成头像,通用,高,0.83,工具知名度+词属性评估（相对热度档位）
做海报用什么AI工具,AI场景词,做海报,通用,高,0.83,工具知名度+词属性评估（相对热度档位）
生成logo用什么AI工具,AI场景词,生成logo,通用,高,0.83,工具知名度+词属性评估（相对热度档位）
做壁纸用什么AI工具,AI场景词,做壁纸,通用,高,0.83,工具知名度+词属性评估（相对热度档位）
生成插画用什么AI工具,AI场景词,生成插画,通用,高,0.83,工具知名度+词属性评估（相对热度档位）
生成证件照用什么AI工具,AI场景词,生成证件照,通用,高,0.83,工具知名度+词属性评估（相对热度档位）
生成商品图用什么AI工具,AI场景词,生成商品图,通用,高,0.83,工具知名度+词属性评估（相对热度档位）
画Q版人物用什么AI工具,AI场景词,画Q版人物,通用,高,0.83,工具知名度+词属性评估（相对热度档位）
生成背景图用什么AI工具,AI场景词,生成背景图,通用,高,0.83,工具知名度+词属性评估（相对热度档位）
做表情包用什么AI工具,AI场景词,做表情包,通用,高,0.83,工具知名度+词属性评估（相对热度档位）
生成水彩画用什么AI工具,AI场景词,生成水彩画,通用,高,0.83,工具知名度+词属性评估（相对热度档位）
做绘本用什么AI工具,AI场景词,做绘本,通用,高,0.83,工具知名度+词属性评估（相对热度档位）
生成产品图用什么AI工具,AI场景词,生成产品图,通用,高,0.83,工具知名度+词属性评估（相对热度档位）
生成室内设计图用什么AI工具,AI场景词,生成室内设计图,通用,高,0.83,工具知名度+词属性评估（相对热度档位）
生成头像用什么工具,AI场景词,生成头像,通用,高,0.83,工具知名度+词属性评估（相对热度档位）
AI生成头像,AI场景词,生成头像,AI,高,0.75,工具知名度+词属性评估（相对热度档位）
做海报用什么工具,AI场景词,做海报,通用,高,0.83,工具知名度+词属性评估（相对热度档位）
AI做海报,AI场景词,做海报,AI,高,0.75,工具知名度+词属性评估（相对热度档位）
生成logo用什么工具,AI场景词,生成logo,通用,高,0.83,工具知名度+词属性评估（相对热度档位）
AI生成logo,AI场景词,生成logo,AI,高,0.75,工具知名度+词属性评估（相对热度档位）
做壁纸用什么工具,AI场景词,做壁纸,通用,高,0.83,工具知名度+词属性评估（相对热度档位）
AI做壁纸,AI场景词,做壁纸,AI,高,0.75,工具知名度+词属性评估（相对热度档位）
生成插画用什么工具,AI场景词,生成插画,通用,高,0.83,工具知名度+词属性评估（相对热度档位）
AI生成插画,AI场景词,生成插画,AI,高,0.75,工具知名度+词属性评估（相对热度档位）
生成证件照用什么工具,AI场景词,生成证件照,通用,高,0.83,工具知名度+词属性评估（相对热度档位）
AI生成证件照,AI场景词,生成证件照,AI,高,0.75,工具知名度+词属性评估（相对热度档位）
生成商品图用什么工具,AI场景词,生成商品图,通用,高,0.83,工具知名度+词属性评估（相对热度档位）
AI生成商品图,AI场景词,生成商品图,AI,高,0.75,工具知名度+词属性评估（相对热度档位）
画Q版人物用什么工具,AI场景词,画Q版人物,通用,高,0.83,工具知名度+词属性评估（相对热度档位）
AI画Q版人物,AI场景词,画Q版人物,AI,高,0.75,工具知名度+词属性评估（相对热度档位）
生成背景图用什么工具,AI场景词,生成背景图,通用,高,0.83,工具知名度+词属性评估（相对热度档位）
AI生成背景图,AI场景词,生成背景图,AI,高,0.75,工具知名度+词属性评估（相对热度档位）
做表情包用什么工具,AI场景词,做表情包,通用,高,0.83,工具知名度+词属性评估（相对热度档位）
AI做表情包,AI场景词,做表情包,AI,高,0.75,工具知名度+词属性评估（相对热度档位）
生成水彩画用什么工具,AI场景词,生成水彩画,通用,高,0.83,工具知名度+词属性评估（相对热度档位）
AI生成水彩画,AI场景词,生成水彩画,AI,高,0.75,工具知名度+词属性评估（相对热度档位）
做绘本用什么工具,AI场景词,做绘本,通用,高,0.83,工具知名度+词属性评估（相对热度档位）
AI做绘本,AI场景词,做绘本,AI,高,0.75,工具知名度+词属性评估（相对热度档位）
生成产品图用什么工具,AI场景词,生成产品图,通用,高,0.83,工具知名度+词属性评估（相对热度档位）
AI生成产品图,AI场景词,生成产品图,AI,高,0.75,工具知名度+词属性评估（相对热度档位）
生成室内设计图用什么工具,AI场景词,生成室内设计图,通用,高,0.83,工具知名度+词属性评估（相对热度档位）
AI生成室内设计图,AI场景词,生成室内设计图,AI,高,0.75,工具知名度+词属性评估（相对热度档位）
写代码用什么AI工具,AI场景词,写代码,通用,高,0.83,工具知名度+词属性评估（相对热度档位）
生成函数用什么AI工具,AI场景词,生成函数,通用,高,0.83,工具知名度+词属性评估（相对热度档位）
调试bug用什么AI工具,AI场景词,调试bug,通用,高,0.83,工具知名度+词属性评估（相对热度档位）
重构代码用什么AI工具,AI场景词,重构代码,通用,高,0.83,工具知名度+词属性评估（相对热度档位）
写爬虫用什么AI工具,AI场景词,写爬虫,通用,高,0.83,工具知名度+词属性评估（相对热度档位）
生成自动化脚本用什么AI工具,AI场景词,生成自动化脚本,通用,高,0.83,工具知名度+词属性评估（相对热度档位）
代码补全用什么AI工具,AI场景词,代码补全,通用,高,0.83,工具知名度+词属性评估（相对热度档位）
生成测试用例用什么AI工具,AI场景词,生成测试用例,通用,高,0.83,工具知名度+词属性评估（相对热度档位）
写SQL用什么AI工具,AI场景词,写SQL,通用,高,0.83,工具知名度+词属性评估（相对热度档位）
生成API接口用什么AI工具,AI场景词,生成API接口,通用,高,0.83,工具知名度+词属性评估（相对热度档位）
写前端页面用什么AI工具,AI场景词,写前端页面,通用,高,0.83,工具知名度+词属性评估（相对热度档位）
生成正则用什么AI工具,AI场景词,生成正则,通用,高,0.83,工具知名度+词属性评估（相对热度档位）
写单元测试用什么AI工具,AI场景词,写单元测试,通用,高,0.83,工具知名度+词属性评估（相对热度档位）
写代码用什么工具,AI场景词,写代码,通用,高,0.83,工具知名度+词属性评估（相对热度档位）
AI写代码,AI场景词,写代码,AI,高,0.75,工具知名度+词属性评估（相对热度档位）
生成函数用什么工具,AI场景词,生成函数,通用,高,0.83,工具知名度+词属性评估（相对热度档位）
AI生成函数,AI场景词,生成函数,AI,高,0.75,工具知名度+词属性评估（相对热度档位）
调试bug用什么工具,AI场景词,调试bug,通用,高,0.83,工具知名度+词属性评估（相对热度档位）
AI调试bug,AI场景词,调试bug,AI,高,0.75,工具知名度+词属性评估（相对热度档位）
重构代码用什么工具,AI场景词,重构代码,通用,高,0.83,工具知名度+词属性评估（相对热度档位）
AI重构代码,AI场景词,重构代码,AI,高,0.75,工具知名度+词属性评估（相对热度档位）
写爬虫用什么工具,AI场景词,写爬虫,通用,高,0.83,工具知名度+词属性评估（相对热度档位）
AI写爬虫,AI场景词,写爬虫,AI,高,0.75,工具知名度+词属性评估（相对热度档位）
生成自动化脚本用什么工具,AI场景词,生成自动化脚本,通用,高,0.83,工具知名度+词属性评估（相对热度档位）
AI生成自动化脚本,AI场景词,生成自动化脚本,AI,高,0.75,工具知名度+词属性评估（相对热度档位）
代码补全用什么工具,AI场景词,代码补全,通用,高,0.83,工具知名度+词属性评估（相对热度档位）
AI代码补全,AI场景词,代码补全,AI,高,0.75,工具知名度+词属性评估（相对热度档位）
生成测试用例用什么工具,AI场景词,生成测试用例,通用,高,0.83,工具知名度+词属性评估（相对热度档位）
AI生成测试用例,AI场景词,生成测试用例,AI,高,0.75,工具知名度+词属性评估（相对热度档位）
写SQL用什么工具,AI场景词,写SQL,通用,高,0.83,工具知名度+词属性评估（相对热度档位）
AI写SQL,AI场景词,写SQL,AI,高,0.75,工具知名度+词属性评估（相对热度档位）
生成API接口用什么工具,AI场景词,生成API接口,通用,高,0.83,工具知名度+词属性评估（相对热度档位）
AI生成API接口,AI场景词,生成API接口,AI,高,0.75,工具知名度+词属性评估（相对热度档位）
写前端页面用什么工具,AI场景词,写前端页面,通用,高,0.83,工具知名度+词属性评估（相对热度档位）
AI写前端页面,AI场景词,写前端页面,AI,高,0.75,工具知名度+词属性评估（相对热度档位）
生成正则用什么工具,AI场景词,生成正则,通用,高,0.83,工具知名度+词属性评估（相对热度档位）
AI生成正则,AI场景词,生成正则,AI,高,0.75,工具知名度+词属性评估（相对热度档位）
写单元测试用什么工具,AI场景词,写单元测试,通用,高,0.83,工具知名度+词属性评估（相对热度档位）
AI写单元测试,AI场景词,写单元测试,AI,高,0.75,工具知名度+词属性评估（相对热度档位）
聊天用什么AI工具,AI场景词,聊天,通用,高,0.83,工具知名度+词属性评估（相对热度档位）
问答用什么AI工具,AI场景词,问答,通用,高,0.83,工具知名度+词属性评估（相对热度档位）
翻译用什么AI工具,AI场景词,翻译,通用,高,0.83,工具知名度+词属性评估（相对热度档位）
角色扮演用什么AI工具,AI场景词,角色扮演,通用,高,0.83,工具知名度+词属性评估（相对热度档位）
学习辅导用什么AI工具,AI场景词,学习辅导,通用,高,0.83,工具知名度+词属性评估（相对热度档位）
写诗用什么AI工具,AI场景词,写诗,通用,高,0.83,工具知名度+词属性评估（相对热度档位）
讲故事用什么AI工具,AI场景词,讲故事,通用,高,0.83,工具知名度+词属性评估（相对热度档位）
做咨询用什么AI工具,AI场景词,做咨询,通用,高,0.83,工具知名度+词属性评估（相对热度档位）
头脑风暴用什么AI工具,AI场景词,头脑风暴,通用,高,0.83,工具知名度+词属性评估（相对热度档位）
模拟面试用什么AI工具,AI场景词,模拟面试,通用,高,0.83,工具知名度+词属性评估（相对热度档位）
学英语用什么AI工具,AI场景词,学英语,通用,高,0.83,工具知名度+词属性评估（相对热度档位）
做心理疏导用什么AI工具,AI场景词,做心理疏导,通用,高,0.83,工具知名度+词属性评估（相对热度档位）
查资料用什么AI工具,AI场景词,查资料,通用,高,0.83,工具知名度+词属性评估（相对热度档位）
聊天用什么工具,AI场景词,聊天,通用,高,0.83,工具知名度+词属性评估（相对热度档位）
AI聊天,AI场景词,聊天,AI,高,0.75,工具知名度+词属性评估（相对热度档位）
问答用什么工具,AI场景词,问答,通用,高,0.83,工具知名度+词属性评估（相对热度档位）
AI问答,AI场景词,问答,AI,高,0.75,工具知名度+词属性评估（相对热度档位）
翻译用什么工具,AI场景词,翻译,通用,高,0.83,工具知名度+词属性评估（相对热度档位）
AI翻译,AI场景词,翻译,AI,高,0.75,工具知名度+词属性评估（相对热度档位）
角色扮演用什么工具,AI场景词,角色扮演,通用,高,0.83,工具知名度+词属性评估（相对热度档位）
学习辅导用什么工具,AI场景词,学习辅导,通用,高,0.83,工具知名度+词属性评估（相对热度档位）
AI学习辅导,AI场景词,学习辅导,AI,高,0.75,工具知名度+词属性评估（相对热度档位）
写诗用什么工具,AI场景词,写诗,通用,高,0.83,工具知名度+词属性评估（相对热度档位）
AI写诗,AI场景词,写诗,AI,高,0.75,工具知名度+词属性评估（相对热度档位）
讲故事用什么工具,AI场景词,讲故事,通用,高,0.83,工具知名度+词属性评估（相对热度档位）
做咨询用什么工具,AI场景词,做咨询,通用,高,0.83,工具知名度+词属性评估（相对热度档位）
AI做咨询,AI场景词,做咨询,AI,高,0.75,工具知名度+词属性评估（相对热度档位）
头脑风暴用什么工具,AI场景词,头脑风暴,通用,高,0.83,工具知名度+词属性评估（相对热度档位）
模拟面试用什么工具,AI场景词,模拟面试,通用,高,0.83,工具知名度+词属性评估（相对热度档位）
学英语用什么工具,AI场景词,学英语,通用,高,0.83,工具知名度+词属性评估（相对热度档位）
AI学英语,AI场景词,学英语,AI,高,0.75,工具知名度+词属性评估（相对热度档位）
做心理疏导用什么工具,AI场景词,做心理疏导,通用,高,0.83,工具知名度+词属性评估（相对热度档位）
AI做心理疏导,AI场景词,做心理疏导,AI,高,0.75,工具知名度+词属性评估（相对热度档位）
查资料用什么工具,AI场景词,查资料,通用,高,0.83,工具知名度+词属性评估（相对热度档位）
文生视频用什么AI工具,AI场景词,文生视频,通用,高,0.83,工具知名度+词属性评估（相对热度档位）
数字人用什么AI工具,AI场景词,数字人,通用,高,0.83,工具知名度+词属性评估（相对热度档位）
视频剪辑用什么AI工具,AI场景词,视频剪辑,通用,高,0.83,工具知名度+词属性评估（相对热度档位）
加字幕用什么AI工具,AI场景词,加字幕,通用,高,0.83,工具知名度+词属性评估（相对热度档位）
换脸用什么AI工具,AI场景词,换脸,通用,高,0.83,工具知名度+词属性评估（相对热度档位）
AI配音用什么AI工具,AI场景词,AI配音,通用,高,0.83,工具知名度+词属性评估（相对热度档位）
生成短视频用什么AI工具,AI场景词,生成短视频,通用,高,0.83,工具知名度+词属性评估（相对热度档位）
视频转场用什么AI工具,AI场景词,视频转场,通用,高,0.83,工具知名度+词属性评估（相对热度档位）
智能抠像用什么AI工具,AI场景词,智能抠像,通用,高,0.83,工具知名度+词属性评估（相对热度档位）
生成开场动画用什么AI工具,AI场景词,生成开场动画,通用,高,0.83,工具知名度+词属性评估（相对热度档位）
做口播视频用什么AI工具,AI场景词,做口播视频,通用,高,0.83,工具知名度+词属性评估（相对热度档位）
生成宣传片用什么AI工具,AI场景词,生成宣传片,通用,高,0.83,工具知名度+词属性评估（相对热度档位）
做vlog用什么AI工具,AI场景词,做vlog,通用,高,0.83,工具知名度+词属性评估（相对热度档位）
文生视频用什么工具,AI场景词,文生视频,通用,高,0.83,工具知名度+词属性评估（相对热度档位）
AI文生视频,AI场景词,文生视频,AI,高,0.75,工具知名度+词属性评估（相对热度档位）
数字人用什么工具,AI场景词,数字人,通用,高,0.83,工具知名度+词属性评估（相对热度档位）
AI数字人,AI场景词,数字人,AI,高,0.75,工具知名度+词属性评估（相对热度档位）
视频剪辑用什么工具,AI场景词,视频剪辑,通用,高,0.83,工具知名度+词属性评估（相对热度档位）
AI视频剪辑,AI场景词,视频剪辑,AI,高,0.75,工具知名度+词属性评估（相对热度档位）
加字幕用什么工具,AI场景词,加字幕,通用,高,0.83,工具知名度+词属性评估（相对热度档位）
AI加字幕,AI场景词,加字幕,AI,高,0.75,工具知名度+词属性评估（相对热度档位）
换脸用什么工具,AI场景词,换脸,通用,高,0.83,工具知名度+词属性评估（相对热度档位）
AI配音用什么工具,AI场景词,AI配音,通用,高,0.83,工具知名度+词属性评估（相对热度档位）
AIAI配音,AI场景词,AI配音,AI,高,0.75,工具知名度+词属性评估（相对热度档位）
生成短视频用什么工具,AI场景词,生成短视频,通用,高,0.83,工具知名度+词属性评估（相对热度档位）
AI生成短视频,AI场景词,生成短视频,AI,高,0.75,工具知名度+词属性评估（相对热度档位）
视频转场用什么工具,AI场景词,视频转场,通用,高,0.83,工具知名度+词属性评估（相对热度档位）
AI视频转场,AI场景词,视频转场,AI,高,0.75,工具知名度+词属性评估（相对热度档位）
智能抠像用什么工具,AI场景词,智能抠像,通用,高,0.83,工具知名度+词属性评估（相对热度档位）
AI智能抠像,AI场景词,智能抠像,AI,高,0.75,工具知名度+词属性评估（相对热度档位）
生成开场动画用什么工具,AI场景词,生成开场动画,通用,高,0.83,工具知名度+词属性评估（相对热度档位）
AI生成开场动画,AI场景词,生成开场动画,AI,高,0.75,工具知名度+词属性评估（相对热度档位）
做口播视频用什么工具,AI场景词,做口播视频,通用,高,0.83,工具知名度+词属性评估（相对热度档位）
AI做口播视频,AI场景词,做口播视频,AI,高,0.75,工具知名度+词属性评估（相对热度档位）
生成宣传片用什么工具,AI场景词,生成宣传片,通用,高,0.83,工具知名度+词属性评估（相对热度档位）
AI生成宣传片,AI场景词,生成宣传片,AI,高,0.75,工具知名度+词属性评估（相对热度档位）
做vlog用什么工具,AI场景词,做vlog,通用,高,0.83,工具知名度+词属性评估（相对热度档位）
AI做vlog,AI场景词,做vlog,AI,高,0.75,工具知名度+词属性评估（相对热度档位）
语音转文字用什么AI工具,AI场景词,语音转文字,通用,高,0.83,工具知名度+词属性评估（相对热度档位）
配音用什么AI工具,AI场景词,配音,通用,高,0.83,工具知名度+词属性评估（相对热度档位）
音乐生成用什么AI工具,AI场景词,音乐生成,通用,高,0.83,工具知名度+词属性评估（相对热度档位）
声音克隆用什么AI工具,AI场景词,声音克隆,通用,高,0.83,工具知名度+词属性评估（相对热度档位）
人声分离用什么AI工具,AI场景词,人声分离,通用,高,0.83,工具知名度+词属性评估（相对热度档位）
降噪用什么AI工具,AI场景词,降噪,通用,高,0.83,工具知名度+词属性评估（相对热度档位）
语音合成用什么AI工具,AI场景词,语音合成,通用,高,0.83,工具知名度+词属性评估（相对热度档位）
文本转语音用什么AI工具,AI场景词,文本转语音,通用,高,0.83,工具知名度+词属性评估（相对热度档位）
会议录音转写用什么AI工具,AI场景词,会议录音转写,通用,高,0.83,工具知名度+词属性评估（相对热度档位）
做有声书用什么AI工具,AI场景词,做有声书,通用,高,0.83,工具知名度+词属性评估（相对热度档位）
生成音效用什么AI工具,AI场景词,生成音效,通用,高,0.83,工具知名度+词属性评估（相对热度档位）
翻译音频用什么AI工具,AI场景词,翻译音频,通用,高,0.83,工具知名度+词属性评估（相对热度档位）
语音转文字用什么工具,AI场景词,语音转文字,通用,高,0.83,工具知名度+词属性评估（相对热度档位）
AI语音转文字,AI场景词,语音转文字,AI,高,0.75,工具知名度+词属性评估（相对热度档位）
配音用什么工具,AI场景词,配音,通用,高,0.83,工具知名度+词属性评估（相对热度档位）
AI配音,AI场景词,配音,AI,高,0.75,工具知名度+词属性评估（相对热度档位）
音乐生成用什么工具,AI场景词,音乐生成,通用,高,0.83,工具知名度+词属性评估（相对热度档位）
AI音乐生成,AI场景词,音乐生成,AI,高,0.75,工具知名度+词属性评估（相对热度档位）
声音克隆用什么工具,AI场景词,声音克隆,通用,高,0.83,工具知名度+词属性评估（相对热度档位）
AI声音克隆,AI场景词,声音克隆,AI,高,0.75,工具知名度+词属性评估（相对热度档位）
人声分离用什么工具,AI场景词,人声分离,通用,高,0.83,工具知名度+词属性评估（相对热度档位）
AI人声分离,AI场景词,人声分离,AI,高,0.75,工具知名度+词属性评估（相对热度档位）
降噪用什么工具,AI场景词,降噪,通用,高,0.83,工具知名度+词属性评估（相对热度档位）
AI降噪,AI场景词,降噪,AI,高,0.75,工具知名度+词属性评估（相对热度档位）
语音合成用什么工具,AI场景词,语音合成,通用,高,0.83,工具知名度+词属性评估（相对热度档位）
AI语音合成,AI场景词,语音合成,AI,高,0.75,工具知名度+词属性评估（相对热度档位）
文本转语音用什么工具,AI场景词,文本转语音,通用,高,0.83,工具知名度+词属性评估（相对热度档位）
AI文本转语音,AI场景词,文本转语音,AI,高,0.75,工具知名度+词属性评估（相对热度档位）
会议录音转写用什么工具,AI场景词,会议录音转写,通用,高,0.83,工具知名度+词属性评估（相对热度档位）
AI会议录音转写,AI场景词,会议录音转写,AI,高,0.75,工具知名度+词属性评估（相对热度档位）
做有声书用什么工具,AI场景词,做有声书,通用,高,0.83,工具知名度+词属性评估（相对热度档位）
AI做有声书,AI场景词,做有声书,AI,高,0.75,工具知名度+词属性评估（相对热度档位）
生成音效用什么工具,AI场景词,生成音效,通用,高,0.83,工具知名度+词属性评估（相对热度档位）
AI生成音效,AI场景词,生成音效,AI,高,0.75,工具知名度+词属性评估（相对热度档位）
翻译音频用什么工具,AI场景词,翻译音频,通用,高,0.83,工具知名度+词属性评估（相对热度档位）
AI翻译音频,AI场景词,翻译音频,AI,高,0.75,工具知名度+词属性评估（相对热度档位）
做PPT用什么AI工具,AI场景词,做PPT,通用,高,0.83,工具知名度+词属性评估（相对热度档位）
写Excel公式用什么AI工具,AI场景词,写Excel公式,通用,高,0.83,工具知名度+词属性评估（相对热度档位）
总结PDF用什么AI工具,AI场景词,总结PDF,通用,高,0.83,工具知名度+词属性评估（相对热度档位）
翻译文档用什么AI工具,AI场景词,翻译文档,通用,高,0.83,工具知名度+词属性评估（相对热度档位）
会议纪要用什么AI工具,AI场景词,会议纪要,通用,高,0.83,工具知名度+词属性评估（相对热度档位）
数据分析用什么AI工具,AI场景词,数据分析,通用,高,0.83,工具知名度+词属性评估（相对热度档位）
做表格用什么AI工具,AI场景词,做表格,通用,高,0.83,工具知名度+词属性评估（相对热度档位）
生成思维导图用什么AI工具,AI场景词,生成思维导图,通用,高,0.83,工具知名度+词属性评估（相对热度档位）
整理文档用什么AI工具,AI场景词,整理文档,通用,高,0.83,工具知名度+词属性评估（相对热度档位）
提取PDF文字用什么AI工具,AI场景词,提取PDF文字,通用,高,0.83,工具知名度+词属性评估（相对热度档位）
做周报用什么AI工具,AI场景词,做周报,通用,高,0.83,工具知名度+词属性评估（相对热度档位）
生成汇报PPT用什么AI工具,AI场景词,生成汇报PPT,通用,高,0.83,工具知名度+词属性评估（相对热度档位）
整理会议记录用什么AI工具,AI场景词,整理会议记录,通用,高,0.83,工具知名度+词属性评估（相对热度档位）
做Excel图表用什么AI工具,AI场景词,做Excel图表,通用,高,0.83,工具知名度+词属性评估（相对热度档位）
做PPT用什么工具,AI场景词,做PPT,通用,高,0.83,工具知名度+词属性评估（相对热度档位）
AI做PPT,AI场景词,做PPT,AI,高,0.75,工具知名度+词属性评估（相对热度档位）
写Excel公式用什么工具,AI场景词,写Excel公式,通用,高,0.83,工具知名度+词属性评估（相对热度档位）
AI写Excel公式,AI场景词,写Excel公式,AI,高,0.75,工具知名度+词属性评估（相对热度档位）
总结PDF用什么工具,AI场景词,总结PDF,通用,高,0.83,工具知名度+词属性评估（相对热度档位）
AI总结PDF,AI场景词,总结PDF,AI,高,0.75,工具知名度+词属性评估（相对热度档位）
翻译文档用什么工具,AI场景词,翻译文档,通用,高,0.83,工具知名度+词属性评估（相对热度档位）
AI翻译文档,AI场景词,翻译文档,AI,高,0.75,工具知名度+词属性评估（相对热度档位）
会议纪要用什么工具,AI场景词,会议纪要,通用,高,0.83,工具知名度+词属性评估（相对热度档位）
AI会议纪要,AI场景词,会议纪要,AI,高,0.75,工具知名度+词属性评估（相对热度档位）
数据分析用什么工具,AI场景词,数据分析,通用,高,0.83,工具知名度+词属性评估（相对热度档位）
AI数据分析,AI场景词,数据分析,AI,高,0.75,工具知名度+词属性评估（相对热度档位）
做表格用什么工具,AI场景词,做表格,通用,高,0.83,工具知名度+词属性评估（相对热度档位）
AI做表格,AI场景词,做表格,AI,高,0.75,工具知名度+词属性评估（相对热度档位）
生成思维导图用什么工具,AI场景词,生成思维导图,通用,高,0.83,工具知名度+词属性评估（相对热度档位）
AI生成思维导图,AI场景词,生成思维导图,AI,高,0.75,工具知名度+词属性评估（相对热度档位）
整理文档用什么工具,AI场景词,整理文档,通用,高,0.83,工具知名度+词属性评估（相对热度档位）
AI整理文档,AI场景词,整理文档,AI,高,0.75,工具知名度+词属性评估（相对热度档位）
提取PDF文字用什么工具,AI场景词,提取PDF文字,通用,高,0.83,工具知名度+词属性评估（相对热度档位）
AI提取PDF文字,AI场景词,提取PDF文字,AI,高,0.75,工具知名度+词属性评估（相对热度档位）
做周报用什么工具,AI场景词,做周报,通用,高,0.83,工具知名度+词属性评估（相对热度档位）
AI做周报,AI场景词,做周报,AI,高,0.75,工具知名度+词属性评估（相对热度档位）
生成汇报PPT用什么工具,AI场景词,生成汇报PPT,通用,高,0.83,工具知名度+词属性评估（相对热度档位）
AI生成汇报PPT,AI场景词,生成汇报PPT,AI,高,0.75,工具知名度+词属性评估（相对热度档位）
整理会议记录用什么工具,AI场景词,整理会议记录,通用,高,0.83,工具知名度+词属性评估（相对热度档位）
AI整理会议记录,AI场景词,整理会议记录,AI,高,0.75,工具知名度+词属性评估（相对热度档位）
做Excel图表用什么工具,AI场景词,做Excel图表,通用,高,0.83,工具知名度+词属性评估（相对热度档位）
AI做Excel图表,AI场景词,做Excel图表,AI,高,0.75,工具知名度+词属性评估（相对热度档位）
对比用什么AI工具,AI场景词,对比,通用,高,0.83,工具知名度+词属性评估（相对热度档位）
哪个好用用什么AI工具,AI场景词,哪个好用,通用,高,0.83,工具知名度+词属性评估（相对热度档位）
功能介绍用什么AI工具,AI场景词,功能介绍,通用,高,0.92,工具知名度+词属性评估（相对热度档位）
API接入用什么AI工具,AI场景词,API接入,通用,高,0.83,工具知名度+词属性评估（相对热度档位）
本地部署用什么AI工具,AI场景词,本地部署,通用,高,0.83,工具知名度+词属性评估（相对热度档位）
上下文长度用什么AI工具,AI场景词,上下文长度,通用,高,0.83,工具知名度+词属性评估（相对热度档位）
区别用什么AI工具,AI场景词,区别,通用,高,0.83,工具知名度+词属性评估（相对热度档位）
评测用什么AI工具,AI场景词,评测,通用,高,0.83,工具知名度+词属性评估（相对热度档位）
测试用什么AI工具,AI场景词,测试,通用,高,0.83,工具知名度+词属性评估（相对热度档位）
跑分用什么AI工具,AI场景词,跑分,通用,高,0.83,工具知名度+词属性评估（相对热度档位）
对比用什么工具,AI场景词,对比,通用,高,0.83,工具知名度+词属性评估（相对热度档位）
哪个好用用什么工具,AI场景词,哪个好用,通用,高,0.83,工具知名度+词属性评估（相对热度档位）
功能介绍用什么工具,AI场景词,功能介绍,通用,高,0.92,工具知名度+词属性评估（相对热度档位）
API接入用什么工具,AI场景词,API接入,通用,高,0.83,工具知名度+词属性评估（相对热度档位）
AIAPI接入,AI场景词,API接入,AI,高,0.75,工具知名度+词属性评估（相对热度档位）
本地部署用什么工具,AI场景词,本地部署,通用,高,0.83,工具知名度+词属性评估（相对热度档位）
上下文长度用什么工具,AI场景词,上下文长度,通用,高,0.83,工具知名度+词属性评估（相对热度档位）
区别用什么工具,AI场景词,区别,通用,高,0.83,工具知名度+词属性评估（相对热度档位）
评测用什么工具,AI场景词,评测,通用,高,0.83,工具知名度+词属性评估（相对热度档位）
测试用什么工具,AI场景词,测试,通用,高,0.83,工具知名度+词属性评估（相对热度档位）
跑分用什么工具,AI场景词,跑分,通用,高,0.83,工具知名度+词属性评估（相对热度档位）
AI搜索用什么AI工具,AI场景词,AI搜索,通用,高,0.83,工具知名度+词属性评估（相对热度档位）
总结网页用什么AI工具,AI场景词,总结网页,通用,高,0.83,工具知名度+词属性评估（相对热度档位）
阅读论文用什么AI工具,AI场景词,阅读论文,通用,高,0.83,工具知名度+词属性评估（相对热度档位）
整理资料用什么AI工具,AI场景词,整理资料,通用,高,0.83,工具知名度+词属性评估（相对热度档位）
AI浏览器用什么AI工具,AI场景词,AI浏览器,通用,高,0.83,工具知名度+词属性评估（相对热度档位）
搜索答案用什么AI工具,AI场景词,搜索答案,通用,高,0.83,工具知名度+词属性评估（相对热度档位）
归纳文档用什么AI工具,AI场景词,归纳文档,通用,高,0.83,工具知名度+词属性评估（相对热度档位）
联网搜索用什么AI工具,AI场景词,联网搜索,通用,高,0.83,工具知名度+词属性评估（相对热度档位）
学术搜索用什么AI工具,AI场景词,学术搜索,通用,高,0.83,工具知名度+词属性评估（相对热度档位）
深度搜索用什么AI工具,AI场景词,深度搜索,通用,高,0.83,工具知名度+词属性评估（相对热度档位）
AI搜索用什么工具,AI场景词,AI搜索,通用,高,0.83,工具知名度+词属性评估（相对热度档位）
总结网页用什么工具,AI场景词,总结网页,通用,高,0.83,工具知名度+词属性评估（相对热度档位）
AI总结网页,AI场景词,总结网页,AI,高,0.75,工具知名度+词属性评估（相对热度档位）
阅读论文用什么工具,AI场景词,阅读论文,通用,高,0.83,工具知名度+词属性评估（相对热度档位）
AI阅读论文,AI场景词,阅读论文,AI,高,0.75,工具知名度+词属性评估（相对热度档位）
整理资料用什么工具,AI场景词,整理资料,通用,高,0.83,工具知名度+词属性评估（相对热度档位）
AI整理资料,AI场景词,整理资料,AI,高,0.75,工具知名度+词属性评估（相对热度档位）
AI浏览器用什么工具,AI场景词,AI浏览器,通用,高,0.83,工具知名度+词属性评估（相对热度档位）
搜索答案用什么工具,AI场景词,搜索答案,通用,高,0.83,工具知名度+词属性评估（相对热度档位）
归纳文档用什么工具,AI场景词,归纳文档,通用,高,0.83,工具知名度+词属性评估（相对热度档位）
AI归纳文档,AI场景词,归纳文档,AI,高,0.75,工具知名度+词属性评估（相对热度档位）
联网搜索用什么工具,AI场景词,联网搜索,通用,高,0.83,工具知名度+词属性评估（相对热度档位）
学术搜索用什么工具,AI场景词,学术搜索,通用,高,0.83,工具知名度+词属性评估（相对热度档位）
AI学术搜索,AI场景词,学术搜索,AI,高,0.75,工具知名度+词属性评估（相对热度档位）
深度搜索用什么工具,AI场景词,深度搜索,通用,高,0.83,工具知名度+词属性评估（相对热度档位）
是什么用什么AI工具,AI场景词,是什么,通用,高,0.92,工具知名度+词属性评估（相对热度档位）
AI怎么学,AI场景词,怎么学,AI,高,0.75,工具知名度+词属性评估（相对热度档位）
怎么学用什么AI工具,AI场景词,怎么学,通用,高,0.83,工具知名度+词属性评估（相对热度档位）
有哪些用什么AI工具,AI场景词,有哪些,通用,高,0.83,工具知名度+词属性评估（相对热度档位）
发展趋势用什么AI工具,AI场景词,发展趋势,通用,高,0.83,工具知名度+词属性评估（相对热度档位）
会不会取代工作用什么AI工具,AI场景词,会不会取代工作,通用,高,0.83,工具知名度+词属性评估（相对热度档位）
怎么入门用什么AI工具,AI场景词,怎么入门,通用,高,0.83,工具知名度+词属性评估（相对热度档位）
有哪些应用用什么AI工具,AI场景词,有哪些应用,通用,高,0.83,工具知名度+词属性评估（相对热度档位）
原理用什么AI工具,AI场景词,原理,通用,高,0.83,工具知名度+词属性评估（相对热度档位）
发展历程用什么AI工具,AI场景词,发展历程,通用,高,0.83,工具知名度+词属性评估（相对热度档位）
赚钱用什么AI工具,AI场景词,赚钱,通用,高,0.83,工具知名度+词属性评估（相对热度档位）
找工作用什么AI工具,AI场景词,找工作,通用,高,0.83,工具知名度+词属性评估（相对热度档位）
岗位用什么AI工具,AI场景词,岗位,通用,高,0.83,工具知名度+词属性评估（相对热度档位）
AI学习路线,AI场景词,学习路线,AI,高,0.75,工具知名度+词属性评估（相对热度档位）
学习路线用什么AI工具,AI场景词,学习路线,通用,高,0.83,工具知名度+词属性评估（相对热度档位）
案例用什么AI工具,AI场景词,案例,通用,高,0.83,工具知名度+词属性评估（相对热度档位）
AI工具推荐,AI场景词,工具推荐,AI,高,0.83,工具知名度+词属性评估（相对热度档位）
工具推荐用什么AI工具,AI场景词,工具推荐,通用,高,0.83,工具知名度+词属性评估（相对热度档位）
变现用什么AI工具,AI场景词,变现,通用,高,0.83,工具知名度+词属性评估（相对热度档位）
行业报告用什么AI工具,AI场景词,行业报告,通用,高,0.83,工具知名度+词属性评估（相对热度档位）
人工智能怎么学,AI场景词,怎么学,人工智能,中,0.74,工具知名度+词属性评估（相对热度档位）
人工智能学习路线,AI场景词,学习路线,人工智能,中,0.74,工具知名度+词属性评估（相对热度档位）
人工智能工具推荐,AI场景词,工具推荐,人工智能,高,0.81,工具知名度+词属性评估（相对热度档位）
大模型怎么学,AI场景词,怎么学,大模型,中,0.72,工具知名度+词属性评估（相对热度档位）
大模型学习路线,AI场景词,学习路线,大模型,中,0.72,工具知名度+词属性评估（相对热度档位）
大模型工具推荐,AI场景词,工具推荐,大模型,高,0.79,工具知名度+词属性评估（相对热度档位）
AIGC怎么学,AI场景词,怎么学,AIGC,中,0.69,工具知名度+词属性评估（相对热度档位）
AIGC学习路线,AI场景词,学习路线,AIGC,中,0.69,工具知名度+词属性评估（相对热度档位）
AIGC工具推荐,AI场景词,工具推荐,AIGC,高,0.76,工具知名度+词属性评估（相对热度档位）
生成式AI怎么学,AI场景词,怎么学,生成式AI,中,0.67,工具知名度+词属性评估（相对热度档位）
生成式AI怎么入门,AI场景词,怎么入门,生成式AI,中,0.67,工具知名度+词属性评估（相对热度档位）
生成式AI赚钱,AI场景词,赚钱,生成式AI,中,0.67,工具知名度+词属性评估（相对热度档位）
生成式AI找工作,AI场景词,找工作,生成式AI,中,0.67,工具知名度+词属性评估（相对热度档位）
生成式AI岗位,AI场景词,岗位,生成式AI,中,0.67,工具知名度+词属性评估（相对热度档位）
生成式AI学习路线,AI场景词,学习路线,生成式AI,中,0.67,工具知名度+词属性评估（相对热度档位）
生成式AI案例,AI场景词,案例,生成式AI,中,0.67,工具知名度+词属性评估（相对热度档位）
生成式AI工具推荐,AI场景词,工具推荐,生成式AI,中,0.74,工具知名度+词属性评估（相对热度档位）
生成式AI变现,AI场景词,变现,生成式AI,中,0.67,工具知名度+词属性评估（相对热度档位）
生成式AI2026,AI场景词,通用,生成式AI,中,0.67,工具知名度+词属性评估（相对热度档位）
Agent怎么学,AI场景词,怎么学,Agent,中,0.62,工具知名度+词属性评估（相对热度档位）
Agent学习路线,AI场景词,学习路线,Agent,中,0.62,工具知名度+词属性评估（相对热度档位）
Agent工具推荐,AI场景词,工具推荐,Agent,中,0.69,工具知名度+词属性评估（相对热度档位）
多模态怎么学,AI场景词,怎么学,多模态,低,0.58,工具知名度+词属性评估（相对热度档位）
多模态学习路线,AI场景词,学习路线,多模态,低,0.58,工具知名度+词属性评估（相对热度档位）
多模态工具推荐,AI场景词,工具推荐,多模态,中,0.63,工具知名度+词属性评估（相对热度档位）
是什么用什么工具,AI场景词,是什么,通用,高,0.92,工具知名度+词属性评估（相对热度档位）
怎么学用什么工具,AI场景词,怎么学,通用,高,0.83,工具知名度+词属性评估（相对热度档位）
有哪些用什么工具,AI场景词,有哪些,通用,高,0.83,工具知名度+词属性评估（相对热度档位）
发展趋势用什么工具,AI场景词,发展趋势,通用,高,0.83,工具知名度+词属性评估（相对热度档位）
会不会取代工作用什么工具,AI场景词,会不会取代工作,通用,高,0.83,工具知名度+词属性评估（相对热度档位）
怎么入门用什么工具,AI场景词,怎么入门,通用,高,0.83,工具知名度+词属性评估（相对热度档位）
有哪些应用用什么工具,AI场景词,有哪些应用,通用,高,0.83,工具知名度+词属性评估（相对热度档位）
原理用什么工具,AI场景词,原理,通用,高,0.83,工具知名度+词属性评估（相对热度档位）
发展历程用什么工具,AI场景词,发展历程,通用,高,0.83,工具知名度+词属性评估（相对热度档位）
赚钱用什么工具,AI场景词,赚钱,通用,高,0.83,工具知名度+词属性评估（相对热度档位）
找工作用什么工具,AI场景词,找工作,通用,高,0.83,工具知名度+词属性评估（相对热度档位）
岗位用什么工具,AI场景词,岗位,通用,高,0.83,工具知名度+词属性评估（相对热度档位）
学习路线用什么工具,AI场景词,学习路线,通用,高,0.83,工具知名度+词属性评估（相对热度档位）
案例用什么工具,AI场景词,案例,通用,高,0.83,工具知名度+词属性评估（相对热度档位）
工具推荐用什么工具,AI场景词,工具推荐,通用,高,0.83,工具知名度+词属性评估（相对热度档位）
变现用什么工具,AI场景词,变现,通用,高,0.83,工具知名度+词属性评估（相对热度档位）
行业报告用什么工具,AI场景词,行业报告,通用,高,0.83,工具知名度+词属性评估（相对热度档位）
AI角色扮演,AI认知词,角色扮演,AI,高,0.75,工具知名度+词属性评估（相对热度档位）
AI讲故事,AI认知词,讲故事,AI,高,0.75,工具知名度+词属性评估（相对热度档位）
AI头脑风暴,AI认知词,头脑风暴,AI,高,0.75,工具知名度+词属性评估（相对热度档位）
AI模拟面试,AI认知词,模拟面试,AI,高,0.75,工具知名度+词属性评估（相对热度档位）
AI查资料,AI认知词,查资料,AI,高,0.75,工具知名度+词属性评估（相对热度档位）
AI换脸,AI认知词,换脸,AI,高,0.75,工具知名度+词属性评估（相对热度档位）
AI对比,AI认知词,对比,AI,高,0.83,工具知名度+词属性评估（相对热度档位）
AI哪个好用,AI认知词,哪个好用,AI,高,0.83,工具知名度+词属性评估（相对热度档位）
AI功能介绍,AI认知词,功能介绍,AI,高,0.94,工具知名度+词属性评估（相对热度档位）
AI怎么用,AI认知词,怎么用,AI,高,0.75,工具知名度+词属性评估（相对热度档位）
AI本地部署,AI认知词,本地部署,AI,高,0.75,工具知名度+词属性评估（相对热度档位）
AI上下文长度,AI认知词,上下文长度,AI,高,0.75,工具知名度+词属性评估（相对热度档位）
AI区别,AI认知词,区别,AI,高,0.83,工具知名度+词属性评估（相对热度档位）
AI评测,AI认知词,评测,AI,高,0.83,工具知名度+词属性评估（相对热度档位）
AI测试,AI认知词,测试,AI,高,0.75,工具知名度+词属性评估（相对热度档位）
AI跑分,AI认知词,跑分,AI,高,0.83,工具知名度+词属性评估（相对热度档位）
AIAI搜索,AI认知词,AI搜索,AI,高,0.75,工具知名度+词属性评估（相对热度档位）
AIAI浏览器,AI认知词,AI浏览器,AI,高,0.75,工具知名度+词属性评估（相对热度档位）
AI搜索答案,AI认知词,搜索答案,AI,高,0.75,工具知名度+词属性评估（相对热度档位）
AI联网搜索,AI认知词,联网搜索,AI,高,0.75,工具知名度+词属性评估（相对热度档位）
AI深度搜索,AI认知词,深度搜索,AI,高,0.75,工具知名度+词属性评估（相对热度档位）
AI是什么,AI认知词,是什么,AI,高,0.94,工具知名度+词属性评估（相对热度档位）
AI有哪些,AI认知词,有哪些,AI,高,0.8,工具知名度+词属性评估（相对热度档位）
AI发展趋势,AI认知词,发展趋势,AI,高,0.8,工具知名度+词属性评估（相对热度档位）
AI会不会取代工作,AI认知词,会不会取代工作,AI,高,0.8,工具知名度+词属性评估（相对热度档位）
AI怎么入门,AI认知词,怎么入门,AI,高,0.75,工具知名度+词属性评估（相对热度档位）
AI有哪些应用,AI认知词,有哪些应用,AI,高,0.8,工具知名度+词属性评估（相对热度档位）
AI原理,AI认知词,原理,AI,高,0.8,工具知名度+词属性评估（相对热度档位）
AI发展历程,AI认知词,发展历程,AI,高,0.8,工具知名度+词属性评估（相对热度档位）
AI赚钱,AI认知词,赚钱,AI,高,0.75,工具知名度+词属性评估（相对热度档位）
AI找工作,AI认知词,找工作,AI,高,0.75,工具知名度+词属性评估（相对热度档位）
AI岗位,AI认知词,岗位,AI,高,0.75,工具知名度+词属性评估（相对热度档位）
AI案例,AI认知词,案例,AI,高,0.75,工具知名度+词属性评估（相对热度档位）
AI变现,AI认知词,变现,AI,高,0.75,工具知名度+词属性评估（相对热度档位）
AI行业报告,AI认知词,行业报告,AI,高,0.8,工具知名度+词属性评估（相对热度档位）
AI知识,AI认知词,通用,AI,高,0.8,工具知名度+词属性评估（相对热度档位）
AI介绍,AI认知词,通用,AI,高,0.8,工具知名度+词属性评估（相对热度档位）
AI详解,AI认知词,通用,AI,高,0.8,工具知名度+词属性评估（相对热度档位）
AI2026,AI认知词,通用,AI,高,0.75,工具知名度+词属性评估（相对热度档位）
AI前景,AI认知词,通用,AI,高,0.8,工具知名度+词属性评估（相对热度档位）
人工智能是什么,AI认知词,是什么,人工智能,高,0.92,工具知名度+词属性评估（相对热度档位）
人工智能有哪些,AI认知词,有哪些,人工智能,高,0.78,工具知名度+词属性评估（相对热度档位）
人工智能发展趋势,AI认知词,发展趋势,人工智能,高,0.78,工具知名度+词属性评估（相对热度档位）
人工智能会不会取代工作,AI认知词,会不会取代工作,人工智能,高,0.78,工具知名度+词属性评估（相对热度档位）
人工智能怎么入门,AI认知词,怎么入门,人工智能,中,0.74,工具知名度+词属性评估（相对热度档位）
人工智能有哪些应用,AI认知词,有哪些应用,人工智能,高,0.78,工具知名度+词属性评估（相对热度档位）
人工智能原理,AI认知词,原理,人工智能,高,0.78,工具知名度+词属性评估（相对热度档位）
人工智能发展历程,AI认知词,发展历程,人工智能,高,0.78,工具知名度+词属性评估（相对热度档位）
人工智能赚钱,AI认知词,赚钱,人工智能,中,0.74,工具知名度+词属性评估（相对热度档位）
人工智能找工作,AI认知词,找工作,人工智能,中,0.74,工具知名度+词属性评估（相对热度档位）
人工智能岗位,AI认知词,岗位,人工智能,中,0.74,工具知名度+词属性评估（相对热度档位）
人工智能案例,AI认知词,案例,人工智能,中,0.74,工具知名度+词属性评估（相对热度档位）
人工智能变现,AI认知词,变现,人工智能,中,0.74,工具知名度+词属性评估（相对热度档位）
人工智能行业报告,AI认知词,行业报告,人工智能,高,0.78,工具知名度+词属性评估（相对热度档位）
人工智能知识,AI认知词,通用,人工智能,高,0.78,工具知名度+词属性评估（相对热度档位）
人工智能介绍,AI认知词,通用,人工智能,高,0.78,工具知名度+词属性评估（相对热度档位）
人工智能详解,AI认知词,通用,人工智能,高,0.78,工具知名度+词属性评估（相对热度档位）
人工智能2026,AI认知词,通用,人工智能,中,0.74,工具知名度+词属性评估（相对热度档位）
人工智能前景,AI认知词,通用,人工智能,高,0.78,工具知名度+词属性评估（相对热度档位）
大模型是什么,AI认知词,是什么,大模型,高,0.9,工具知名度+词属性评估（相对热度档位）
大模型有哪些,AI认知词,有哪些,大模型,高,0.77,工具知名度+词属性评估（相对热度档位）
大模型发展趋势,AI认知词,发展趋势,大模型,高,0.77,工具知名度+词属性评估（相对热度档位）
大模型会不会取代工作,AI认知词,会不会取代工作,大模型,高,0.77,工具知名度+词属性评估（相对热度档位）
大模型怎么入门,AI认知词,怎么入门,大模型,中,0.72,工具知名度+词属性评估（相对热度档位）
大模型有哪些应用,AI认知词,有哪些应用,大模型,高,0.77,工具知名度+词属性评估（相对热度档位）
大模型原理,AI认知词,原理,大模型,高,0.77,工具知名度+词属性评估（相对热度档位）
大模型发展历程,AI认知词,发展历程,大模型,高,0.77,工具知名度+词属性评估（相对热度档位）
大模型赚钱,AI认知词,赚钱,大模型,中,0.72,工具知名度+词属性评估（相对热度档位）
大模型找工作,AI认知词,找工作,大模型,中,0.72,工具知名度+词属性评估（相对热度档位）
大模型岗位,AI认知词,岗位,大模型,中,0.72,工具知名度+词属性评估（相对热度档位）
大模型案例,AI认知词,案例,大模型,中,0.72,工具知名度+词属性评估（相对热度档位）
大模型变现,AI认知词,变现,大模型,中,0.72,工具知名度+词属性评估（相对热度档位）
大模型行业报告,AI认知词,行业报告,大模型,高,0.77,工具知名度+词属性评估（相对热度档位）
大模型知识,AI认知词,通用,大模型,高,0.77,工具知名度+词属性评估（相对热度档位）
大模型介绍,AI认知词,通用,大模型,高,0.77,工具知名度+词属性评估（相对热度档位）
大模型详解,AI认知词,通用,大模型,高,0.77,工具知名度+词属性评估（相对热度档位）
大模型2026,AI认知词,通用,大模型,中,0.72,工具知名度+词属性评估（相对热度档位）
大模型前景,AI认知词,通用,大模型,高,0.77,工具知名度+词属性评估（相对热度档位）
AIGC是什么,AI认知词,是什么,AIGC,高,0.86,工具知名度+词属性评估（相对热度档位）
AIGC有哪些,AI认知词,有哪些,AIGC,中,0.73,工具知名度+词属性评估（相对热度档位）
AIGC发展趋势,AI认知词,发展趋势,AIGC,中,0.73,工具知名度+词属性评估（相对热度档位）
AIGC会不会取代工作,AI认知词,会不会取代工作,AIGC,中,0.73,工具知名度+词属性评估（相对热度档位）
AIGC怎么入门,AI认知词,怎么入门,AIGC,中,0.69,工具知名度+词属性评估（相对热度档位）
AIGC有哪些应用,AI认知词,有哪些应用,AIGC,中,0.73,工具知名度+词属性评估（相对热度档位）
AIGC原理,AI认知词,原理,AIGC,中,0.73,工具知名度+词属性评估（相对热度档位）
AIGC发展历程,AI认知词,发展历程,AIGC,中,0.73,工具知名度+词属性评估（相对热度档位）
AIGC赚钱,AI认知词,赚钱,AIGC,中,0.69,工具知名度+词属性评估（相对热度档位）
AIGC找工作,AI认知词,找工作,AIGC,中,0.69,工具知名度+词属性评估（相对热度档位）
AIGC岗位,AI认知词,岗位,AIGC,中,0.69,工具知名度+词属性评估（相对热度档位）
AIGC案例,AI认知词,案例,AIGC,中,0.69,工具知名度+词属性评估（相对热度档位）
AIGC变现,AI认知词,变现,AIGC,中,0.69,工具知名度+词属性评估（相对热度档位）
AIGC行业报告,AI认知词,行业报告,AIGC,中,0.73,工具知名度+词属性评估（相对热度档位）
AIGC知识,AI认知词,通用,AIGC,中,0.73,工具知名度+词属性评估（相对热度档位）
AIGC介绍,AI认知词,通用,AIGC,中,0.73,工具知名度+词属性评估（相对热度档位）
AIGC详解,AI认知词,通用,AIGC,中,0.73,工具知名度+词属性评估（相对热度档位）
AIGC2026,AI认知词,通用,AIGC,中,0.69,工具知名度+词属性评估（相对热度档位）
AIGC前景,AI认知词,通用,AIGC,中,0.73,工具知名度+词属性评估（相对热度档位）
生成式AI是什么,AI认知词,是什么,生成式AI,高,0.84,工具知名度+词属性评估（相对热度档位）
生成式AI有哪些,AI认知词,有哪些,生成式AI,中,0.67,工具知名度+词属性评估（相对热度档位）
生成式AI发展趋势,AI认知词,发展趋势,生成式AI,中,0.67,工具知名度+词属性评估（相对热度档位）
生成式AI会不会取代工作,AI认知词,会不会取代工作,生成式AI,中,0.67,工具知名度+词属性评估（相对热度档位）
生成式AI有哪些应用,AI认知词,有哪些应用,生成式AI,中,0.67,工具知名度+词属性评估（相对热度档位）
生成式AI原理,AI认知词,原理,生成式AI,中,0.67,工具知名度+词属性评估（相对热度档位）
生成式AI发展历程,AI认知词,发展历程,生成式AI,中,0.67,工具知名度+词属性评估（相对热度档位）
生成式AI行业报告,AI认知词,行业报告,生成式AI,中,0.67,工具知名度+词属性评估（相对热度档位）
生成式AI知识,AI认知词,通用,生成式AI,中,0.67,工具知名度+词属性评估（相对热度档位）
生成式AI介绍,AI认知词,通用,生成式AI,中,0.67,工具知名度+词属性评估（相对热度档位）
生成式AI详解,AI认知词,通用,生成式AI,中,0.67,工具知名度+词属性评估（相对热度档位）
生成式AI前景,AI认知词,通用,生成式AI,中,0.67,工具知名度+词属性评估（相对热度档位）
Agent是什么,AI认知词,是什么,Agent,高,0.78,工具知名度+词属性评估（相对热度档位）
Agent有哪些,AI认知词,有哪些,Agent,中,0.66,工具知名度+词属性评估（相对热度档位）
Agent发展趋势,AI认知词,发展趋势,Agent,中,0.66,工具知名度+词属性评估（相对热度档位）
Agent会不会取代工作,AI认知词,会不会取代工作,Agent,中,0.66,工具知名度+词属性评估（相对热度档位）
Agent怎么入门,AI认知词,怎么入门,Agent,中,0.62,工具知名度+词属性评估（相对热度档位）
Agent有哪些应用,AI认知词,有哪些应用,Agent,中,0.66,工具知名度+词属性评估（相对热度档位）
Agent原理,AI认知词,原理,Agent,中,0.66,工具知名度+词属性评估（相对热度档位）
Agent发展历程,AI认知词,发展历程,Agent,中,0.66,工具知名度+词属性评估（相对热度档位）
Agent赚钱,AI认知词,赚钱,Agent,中,0.62,工具知名度+词属性评估（相对热度档位）
Agent找工作,AI认知词,找工作,Agent,中,0.62,工具知名度+词属性评估（相对热度档位）
Agent岗位,AI认知词,岗位,Agent,中,0.62,工具知名度+词属性评估（相对热度档位）
Agent案例,AI认知词,案例,Agent,中,0.62,工具知名度+词属性评估（相对热度档位）
Agent变现,AI认知词,变现,Agent,中,0.62,工具知名度+词属性评估（相对热度档位）
Agent行业报告,AI认知词,行业报告,Agent,中,0.66,工具知名度+词属性评估（相对热度档位）
Agent知识,AI认知词,通用,Agent,中,0.66,工具知名度+词属性评估（相对热度档位）
Agent介绍,AI认知词,通用,Agent,中,0.66,工具知名度+词属性评估（相对热度档位）
Agent详解,AI认知词,通用,Agent,中,0.66,工具知名度+词属性评估（相对热度档位）
Agent2026,AI认知词,通用,Agent,中,0.62,工具知名度+词属性评估（相对热度档位）
Agent前景,AI认知词,通用,Agent,中,0.66,工具知名度+词属性评估（相对热度档位）
多模态是什么,AI认知词,是什么,多模态,中,0.72,工具知名度+词属性评估（相对热度档位）
多模态有哪些,AI认知词,有哪些,多模态,中,0.61,工具知名度+词属性评估（相对热度档位）
多模态发展趋势,AI认知词,发展趋势,多模态,中,0.61,工具知名度+词属性评估（相对热度档位）
多模态会不会取代工作,AI认知词,会不会取代工作,多模态,中,0.61,工具知名度+词属性评估（相对热度档位）
多模态怎么入门,AI认知词,怎么入门,多模态,低,0.58,工具知名度+词属性评估（相对热度档位）
多模态有哪些应用,AI认知词,有哪些应用,多模态,中,0.61,工具知名度+词属性评估（相对热度档位）
多模态原理,AI认知词,原理,多模态,中,0.61,工具知名度+词属性评估（相对热度档位）
多模态发展历程,AI认知词,发展历程,多模态,中,0.61,工具知名度+词属性评估（相对热度档位）
多模态赚钱,AI认知词,赚钱,多模态,低,0.58,工具知名度+词属性评估（相对热度档位）
多模态找工作,AI认知词,找工作,多模态,低,0.58,工具知名度+词属性评估（相对热度档位）
多模态岗位,AI认知词,岗位,多模态,低,0.58,工具知名度+词属性评估（相对热度档位）
多模态案例,AI认知词,案例,多模态,低,0.58,工具知名度+词属性评估（相对热度档位）
多模态变现,AI认知词,变现,多模态,低,0.58,工具知名度+词属性评估（相对热度档位）
多模态行业报告,AI认知词,行业报告,多模态,中,0.61,工具知名度+词属性评估（相对热度档位）
多模态知识,AI认知词,通用,多模态,中,0.61,工具知名度+词属性评估（相对热度档位）
多模态介绍,AI认知词,通用,多模态,中,0.61,工具知名度+词属性评估（相对热度档位）
多模态详解,AI认知词,通用,多模态,中,0.61,工具知名度+词属性评估（相对热度档位）
多模态2026,AI认知词,通用,多模态,低,0.58,工具知名度+词属性评估（相对热度档位）
多模态前景,AI认知词,通用,多模态,中,0.61,工具知名度+词属性评估（相对热度档位）
WPS AI写合同模板,AI品牌词,写合同模板,WPS AI,中,0.6,工具知名度+词属性评估（相对热度档位）
WPS灵犀生成头像模板,AI品牌词,生成头像模板,WPS灵犀,中,0.6,工具知名度+词属性评估（相对热度档位）
WPS AI写简历模板,AI品牌词,写简历模板,WPS AI,中,0.6,工具知名度+词属性评估（相对热度档位）
WPS灵犀写演讲稿模板,AI品牌词,写演讲稿模板,WPS灵犀,中,0.6,工具知名度+词属性评估（相对热度档位）
WPS灵犀写通知模板,AI品牌词,写通知模板,WPS灵犀,中,0.6,工具知名度+词属性评估（相对热度档位）
WPS灵犀写脚本模板,AI品牌词,写脚本模板,WPS灵犀,中,0.6,工具知名度+词属性评估（相对热度档位）
WPS AI写文案模板,AI品牌词,写文案模板,WPS AI,中,0.6,工具知名度+词属性评估（相对热度档位）
WPS灵犀写小说模板,AI品牌词,写小说模板,WPS灵犀,中,0.6,工具知名度+词属性评估（相对热度档位）
WPS灵犀写标题模板,AI品牌词,写标题模板,WPS灵犀,中,0.6,工具知名度+词属性评估（相对热度档位）
WPS AI写读后感模板,AI品牌词,写读后感模板,WPS AI,中,0.6,工具知名度+词属性评估（相对热度档位）
WPS灵犀写读后感模板,AI品牌词,写读后感模板,WPS灵犀,中,0.6,工具知名度+词属性评估（相对热度档位）
WPS AI写论文模板,AI品牌词,写论文模板,WPS AI,中,0.6,工具知名度+词属性评估（相对热度档位）
WPS灵犀写公文模板,AI品牌词,写公文模板,WPS灵犀,中,0.6,工具知名度+词属性评估（相对热度档位）
WPS灵犀写周报模板,AI品牌词,写周报模板,WPS灵犀,中,0.6,工具知名度+词属性评估（相对热度档位）
WPS灵犀写合同模板,AI品牌词,写合同模板,WPS灵犀,中,0.6,工具知名度+词属性评估（相对热度档位）
WPS灵犀做ppt模板,AI品牌词,做ppt模板,WPS灵犀,中,0.6,工具知名度+词属性评估（相对热度档位）
WPS AI写方案模板,AI品牌词,写方案模板,WPS AI,中,0.6,工具知名度+词属性评估（相对热度档位）
WPS AI写项目总结模板,AI品牌词,写项目总结模板,WPS AI,中,0.6,工具知名度+词属性评估（相对热度档位）
WPS AI写小说模板,AI品牌词,写小说模板,WPS AI,中,0.6,工具知名度+词属性评估（相对热度档位）
WPS灵犀写会议纪要模板,AI品牌词,写会议纪要模板,WPS灵犀,中,0.6,工具知名度+词属性评估（相对热度档位）
WPS灵犀做数据图表模板,AI品牌词,做数据图表模板,WPS灵犀,中,0.6,工具知名度+词属性评估（相对热度档位）
WPS灵犀公文提示词,AI品牌词,公文提示词,WPS灵犀,中,0.55,工具知名度+词属性评估（相对热度档位）
WPS AI生成头像模板,AI品牌词,生成头像模板,WPS AI,中,0.6,工具知名度+词属性评估（相对热度档位）
WPS AI日报提示词,AI品牌词,日报提示词,WPS AI,中,0.55,工具知名度+词属性评估（相对热度档位）
WPS灵犀文案提示词,AI品牌词,文案提示词,WPS灵犀,中,0.55,工具知名度+词属性评估（相对热度档位）
WPS灵犀周报提示词,AI品牌词,周报提示词,WPS灵犀,中,0.55,工具知名度+词属性评估（相对热度档位）
WPS AI做ppt模板,AI品牌词,做ppt模板,WPS AI,中,0.6,工具知名度+词属性评估（相对热度档位）
WPS AI写通知模板,AI品牌词,写通知模板,WPS AI,中,0.6,工具知名度+词属性评估（相对热度档位）
WPS AI工作总结提示词,AI品牌词,工作总结提示词,WPS AI,中,0.55,工具知名度+词属性评估（相对热度档位）
WPS AIprompt模板,AI品牌词,prompt模板,WPS AI,中,0.6,工具知名度+词属性评估（相对热度档位）
WPS灵犀邮件提示词,AI品牌词,邮件提示词,WPS灵犀,中,0.55,工具知名度+词属性评估（相对热度档位）
WPS灵犀提示词大全,AI品牌词,提示词大全,WPS灵犀,中,0.55,工具知名度+词属性评估（相对热度档位）
WPS AI周报提示词,AI品牌词,周报提示词,WPS AI,中,0.55,工具知名度+词属性评估（相对热度档位）
WPS AI简历提示词,AI品牌词,简历提示词,WPS AI,中,0.55,工具知名度+词属性评估（相对热度档位）
WPS AI作文提示词,AI品牌词,作文提示词,WPS AI,中,0.55,工具知名度+词属性评估（相对热度档位）
WPS灵犀写作文模板,AI品牌词,写作文模板,WPS灵犀,中,0.6,工具知名度+词属性评估（相对热度档位）
WPS AI写日报模板,AI品牌词,写日报模板,WPS AI,中,0.6,工具知名度+词属性评估（相对热度档位）
WPS灵犀方案提示词,AI品牌词,方案提示词,WPS灵犀,中,0.55,工具知名度+词属性评估（相对热度档位）
WPS AI论文提示词,AI品牌词,论文提示词,WPS AI,中,0.55,工具知名度+词属性评估（相对热度档位）
WPS AI写周报模板,AI品牌词,写周报模板,WPS AI,中,0.6,工具知名度+词属性评估（相对热度档位）
WPS AI邮件提示词,AI品牌词,邮件提示词,WPS AI,中,0.55,工具知名度+词属性评估（相对热度档位）
WPS AI写报告模板,AI品牌词,写报告模板,WPS AI,中,0.6,工具知名度+词属性评估（相对热度档位）
WPS灵犀写调研报告模板,AI品牌词,写调研报告模板,WPS灵犀,中,0.6,工具知名度+词属性评估（相对热度档位）
WPS AI提示词大全,AI品牌词,提示词大全,WPS AI,中,0.55,工具知名度+词属性评估（相对热度档位）
WPS AI写工作总结模板,AI品牌词,写工作总结模板,WPS AI,中,0.6,工具知名度+词属性评估（相对热度档位）
WPS AI做思维导图模板,AI品牌词,做思维导图模板,WPS AI,中,0.6,工具知名度+词属性评估（相对热度档位）
WPS AI文案提示词,AI品牌词,文案提示词,WPS AI,中,0.55,工具知名度+词属性评估（相对热度档位）
WPS AI写脚本模板,AI品牌词,写脚本模板,WPS AI,中,0.6,工具知名度+词属性评估（相对热度档位）
WPS灵犀写日记模板,AI品牌词,写日记模板,WPS灵犀,中,0.6,工具知名度+词属性评估（相对热度档位）
WPS AI写作文模板,AI品牌词,写作文模板,WPS AI,中,0.6,工具知名度+词属性评估（相对热度档位）
WPS AI写调研报告模板,AI品牌词,写调研报告模板,WPS AI,中,0.6,工具知名度+词属性评估（相对热度档位）
WPS灵犀写项目总结模板,AI品牌词,写项目总结模板,WPS灵犀,中,0.6,工具知名度+词属性评估（相对热度档位）
WPS灵犀做海报模板,AI品牌词,做海报模板,WPS灵犀,中,0.6,工具知名度+词属性评估（相对热度档位）
WPS灵犀做思维导图模板,AI品牌词,做思维导图模板,WPS灵犀,中,0.6,工具知名度+词属性评估（相对热度档位）
WPS AI写会议纪要模板,AI品牌词,写会议纪要模板,WPS AI,中,0.6,工具知名度+词属性评估（相对热度档位）
WPS灵犀论文提示词,AI品牌词,论文提示词,WPS灵犀,中,0.55,工具知名度+词属性评估（相对热度档位）
WPS灵犀做简历模板,AI品牌词,做简历模板,WPS灵犀,中,0.6,工具知名度+词属性评估（相对热度档位）
WPS灵犀日报提示词,AI品牌词,日报提示词,WPS灵犀,中,0.55,工具知名度+词属性评估（相对热度档位）
WPS AI写演讲稿模板,AI品牌词,写演讲稿模板,WPS AI,中,0.6,工具知名度+词属性评估（相对热度档位）
WPS AI做海报模板,AI品牌词,做海报模板,WPS AI,中,0.6,工具知名度+词属性评估（相对热度档位）
WPS AI做数据图表模板,AI品牌词,做数据图表模板,WPS AI,中,0.6,工具知名度+词属性评估（相对热度档位）
WPS AI写辞职信模板,AI品牌词,写辞职信模板,WPS AI,中,0.6,工具知名度+词属性评估（相对热度档位）
WPS灵犀写辞职信模板,AI品牌词,写辞职信模板,WPS灵犀,中,0.6,工具知名度+词属性评估（相对热度档位）
WPS灵犀写工作总结模板,AI品牌词,写工作总结模板,WPS灵犀,中,0.6,工具知名度+词属性评估（相对热度档位）
WPS灵犀写报告模板,AI品牌词,写报告模板,WPS灵犀,中,0.6,工具知名度+词属性评估（相对热度档位）
WPS AI写标题模板,AI品牌词,写标题模板,WPS AI,中,0.6,工具知名度+词属性评估（相对热度档位）
WPS AI做简历模板,AI品牌词,做简历模板,WPS AI,中,0.6,工具知名度+词属性评估（相对热度档位）
WPS灵犀写邮件模板,AI品牌词,写邮件模板,WPS灵犀,中,0.6,工具知名度+词属性评估（相对热度档位）
WPS灵犀写方案模板,AI品牌词,写方案模板,WPS灵犀,中,0.6,工具知名度+词属性评估（相对热度档位）
WPS灵犀写日报模板,AI品牌词,写日报模板,WPS灵犀,中,0.6,工具知名度+词属性评估（相对热度档位）
WPS灵犀写论文模板,AI品牌词,写论文模板,WPS灵犀,中,0.6,工具知名度+词属性评估（相对热度档位）
WPS AI写邮件模板,AI品牌词,写邮件模板,WPS AI,中,0.6,工具知名度+词属性评估（相对热度档位）
WPS AI方案提示词,AI品牌词,方案提示词,WPS AI,中,0.55,工具知名度+词属性评估（相对热度档位）
WPS灵犀写文案模板,AI品牌词,写文案模板,WPS灵犀,中,0.6,工具知名度+词属性评估（相对热度档位）
WPS AI写日记模板,AI品牌词,写日记模板,WPS AI,中,0.6,工具知名度+词属性评估（相对热度档位）
WPS AI写公文模板,AI品牌词,写公文模板,WPS AI,中,0.6,工具知名度+词属性评估（相对热度档位）
WPS灵犀工作总结提示词,AI品牌词,工作总结提示词,WPS灵犀,中,0.55,工具知名度+词属性评估（相对热度档位）
WPS灵犀prompt模板,AI品牌词,prompt模板,WPS灵犀,中,0.6,工具知名度+词属性评估（相对热度档位）
WPS灵犀写简历模板,AI品牌词,写简历模板,WPS灵犀,中,0.6,工具知名度+词属性评估（相对热度档位）
WPS AI公文提示词,AI品牌词,公文提示词,WPS AI,中,0.55,工具知名度+词属性评估（相对热度档位）
WPS灵犀作文提示词,AI品牌词,作文提示词,WPS灵犀,中,0.55,工具知名度+词属性评估（相对热度档位）
WPS灵犀简历提示词,AI品牌词,简历提示词,WPS灵犀,中,0.55,工具知名度+词属性评估（相对热度档位）
AI做思维导图模板,AI场景词,做思维导图,AI,中,0.6,工具知名度+词属性评估（相对热度档位）
AI辞职信提示词,AI场景词,辞职信,AI,中,0.6,工具知名度+词属性评估（相对热度档位）
AI生成背景图模板,AI场景词,生成背景图,AI,中,0.6,工具知名度+词属性评估（相对热度档位）
AI写小说模板,AI场景词,写小说,AI,中,0.6,工具知名度+词属性评估（相对热度档位）
AI工作总结提示词,AI场景词,工作总结,AI,中,0.6,工具知名度+词属性评估（相对热度档位）
AI写项目总结模板,AI场景词,写项目总结,AI,中,0.6,工具知名度+词属性评估（相对热度档位）
AI生成壁纸模板,AI场景词,生成壁纸,AI,中,0.6,工具知名度+词属性评估（相对热度档位）
AI脚本提示词,AI场景词,脚本,AI,中,0.6,工具知名度+词属性评估（相对热度档位）
AI文案提示词,AI场景词,文案,AI,中,0.6,工具知名度+词属性评估（相对热度档位）
AI公文提示词,AI场景词,公文,AI,中,0.6,工具知名度+词属性评估（相对热度档位）
AI方案提示词,AI场景词,方案,AI,中,0.6,工具知名度+词属性评估（相对热度档位）
AI写会议纪要模板,AI场景词,写会议纪要,AI,中,0.6,工具知名度+词属性评估（相对热度档位）
AI写读后感模板,AI场景词,写读后感,AI,中,0.6,工具知名度+词属性评估（相对热度档位）
AI写辞职信模板,AI场景词,写辞职信,AI,中,0.6,工具知名度+词属性评估（相对热度档位）
AI做数据图表模板,AI场景词,做数据图表,AI,中,0.6,工具知名度+词属性评估（相对热度档位）
AI做商品图模板,AI场景词,做商品图,AI,中,0.6,工具知名度+词属性评估（相对热度档位）
AI写简历模板,AI场景词,写简历,AI,中,0.6,工具知名度+词属性评估（相对热度档位）
AI写论文模板,AI场景词,写论文,AI,中,0.6,工具知名度+词属性评估（相对热度档位）
AI调研报告提示词,AI场景词,调研报告,AI,中,0.6,工具知名度+词属性评估（相对热度档位）
AI绘图prompt,AI场景词,绘图,AI,中,0.6,工具知名度+词属性评估（相对热度档位）
AI写合同模板,AI场景词,写合同,AI,中,0.6,工具知名度+词属性评估（相对热度档位）
AI写演讲稿模板,AI场景词,写演讲稿,AI,中,0.6,工具知名度+词属性评估（相对热度档位）
AI写作文模板,AI场景词,写作文,AI,中,0.6,工具知名度+词属性评估（相对热度档位）
AI写标题模板,AI场景词,写标题,AI,中,0.6,工具知名度+词属性评估（相对热度档位）
AI生成插画模板,AI场景词,生成插画,AI,中,0.6,工具知名度+词属性评估（相对热度档位）
AI生成表情包模板,AI场景词,生成表情包,AI,中,0.6,工具知名度+词属性评估（相对热度档位）
AI写方案模板,AI场景词,写方案,AI,中,0.6,工具知名度+词属性评估（相对热度档位）
AI做证件照模板,AI场景词,做证件照,AI,中,0.6,工具知名度+词属性评估（相对热度档位）
AI简历提示词,AI场景词,简历,AI,中,0.6,工具知名度+词属性评估（相对热度档位）
AI通知提示词,AI场景词,通知,AI,中,0.6,工具知名度+词属性评估（相对热度档位）
AI演讲稿提示词,AI场景词,演讲稿,AI,中,0.6,工具知名度+词属性评估（相对热度档位）
AI提示词模板,AI场景词,模板,AI,中,0.6,工具知名度+词属性评估（相对热度档位）
AI写调研报告模板,AI场景词,写调研报告,AI,中,0.6,工具知名度+词属性评估（相对热度档位）
AI写邮件模板,AI场景词,写邮件,AI,中,0.6,工具知名度+词属性评估（相对热度档位）
AI项目总结提示词,AI场景词,项目总结,AI,中,0.6,工具知名度+词属性评估（相对热度档位）
AI写周报模板,AI场景词,写周报,AI,中,0.6,工具知名度+词属性评估（相对热度档位）
AI写通知模板,AI场景词,写通知,AI,中,0.6,工具知名度+词属性评估（相对热度档位）
AI提示词大全,AI场景词,大全,AI,中,0.6,工具知名度+词属性评估（相对热度档位）
AI做简历模板,AI场景词,做简历,AI,中,0.6,工具知名度+词属性评估（相对热度档位）
AI做logo模板,AI场景词,做logo,AI,中,0.6,工具知名度+词属性评估（相对热度档位）
AI小说提示词,AI场景词,小说,AI,中,0.6,工具知名度+词属性评估（相对热度档位）
AI读后感提示词,AI场景词,读后感,AI,中,0.6,工具知名度+词属性评估（相对热度档位）
AI写工作总结模板,AI场景词,写工作总结,AI,中,0.6,工具知名度+词属性评估（相对热度档位）
AI写日报模板,AI场景词,写日报,AI,中,0.6,工具知名度+词属性评估（相对热度档位）
AI日记提示词,AI场景词,日记,AI,中,0.6,工具知名度+词属性评估（相对热度档位）
AI写日记模板,AI场景词,写日记,AI,中,0.6,工具知名度+词属性评估（相对热度档位）
AI日报提示词,AI场景词,日报,AI,中,0.6,工具知名度+词属性评估（相对热度档位）
AI做海报模板,AI场景词,做海报,AI,中,0.6,工具知名度+词属性评估（相对热度档位）
AI生成头像模板,AI场景词,生成头像,AI,中,0.6,工具知名度+词属性评估（相对热度档位）
AI邮件提示词,AI场景词,邮件,AI,中,0.6,工具知名度+词属性评估（相对热度档位）
AI合同提示词,AI场景词,合同,AI,中,0.6,工具知名度+词属性评估（相对热度档位）
AI标题提示词,AI场景词,标题,AI,中,0.6,工具知名度+词属性评估（相对热度档位）
AI写公文模板,AI场景词,写公文,AI,中,0.6,工具知名度+词属性评估（相对热度档位）
AI写报告模板,AI场景词,写报告,AI,中,0.6,工具知名度+词属性评估（相对热度档位）
AI论文提示词,AI场景词,论文,AI,中,0.6,工具知名度+词属性评估（相对热度档位）
AI写文案模板,AI场景词,写文案,AI,中,0.6,工具知名度+词属性评估（相对热度档位）
AI作文提示词,AI场景词,作文,AI,中,0.6,工具知名度+词属性评估（相对热度档位）
AI做表格模板,AI场景词,做表格,AI,中,0.6,工具知名度+词属性评估（相对热度档位）
AI会议纪要提示词,AI场景词,会议纪要,AI,中,0.6,工具知名度+词属性评估（相对热度档位）
AI周报提示词,AI场景词,周报,AI,中,0.6,工具知名度+词属性评估（相对热度档位）
AI做ppt模板,AI场景词,做ppt,AI,中,0.6,工具知名度+词属性评估（相对热度档位）
AI写作prompt,AI场景词,写作,AI,中,0.6,工具知名度+词属性评估（相对热度档位）
AI报告提示词,AI场景词,报告,AI,中,0.6,工具知名度+词属性评估（相对热度档位）
AI写脚本模板,AI场景词,写脚本,AI,中,0.6,工具知名度+词属性评估（相对热度档位）
ChatGPT是什么,AI竞品词,是什么,ChatGPT,高,0.97,2026-09最新排名重建（主流10词/长尾6词）
ChatGPT功能介绍,AI竞品词,功能介绍,ChatGPT,高,0.97,2026-09最新排名重建（主流10词/长尾6词）
ChatGPT官网,AI竞品词,官网,ChatGPT,高,0.97,2026-09最新排名重建（主流10词/长尾6词）
ChatGPT下载,AI竞品词,下载,ChatGPT,高,0.78,2026-09最新排名重建（主流10词/长尾6词）
ChatGPT怎么用,AI竞品词,怎么用,ChatGPT,高,0.78,2026-09最新排名重建（主流10词/长尾6词）
ChatGPT使用教程,AI竞品词,使用教程,ChatGPT,中,0.73,2026-09最新排名重建（主流10词/长尾6词）
ChatGPT哪个好,AI竞品词,哪个好,ChatGPT,高,0.82,2026-09最新排名重建（主流10词/长尾6词）
ChatGPT评测,AI竞品词,评测,ChatGPT,中,0.68,2026-09最新排名重建（主流10词/长尾6词）
ChatGPT写周报,AI竞品词,写周报,ChatGPT,低,0.48,2026-09最新排名重建（主流10词/长尾6词）
ChatGPT写论文,AI竞品词,写论文,ChatGPT,低,0.48,2026-09最新排名重建（主流10词/长尾6词）
Gemini是什么,AI竞品词,是什么,Gemini,高,0.96,2026-09最新排名重建（主流10词/长尾6词）
Gemini功能介绍,AI竞品词,功能介绍,Gemini,高,0.96,2026-09最新排名重建（主流10词/长尾6词）
Gemini官网,AI竞品词,官网,Gemini,高,0.96,2026-09最新排名重建（主流10词/长尾6词）
Gemini下载,AI竞品词,下载,Gemini,高,0.77,2026-09最新排名重建（主流10词/长尾6词）
Gemini怎么用,AI竞品词,怎么用,Gemini,高,0.77,2026-09最新排名重建（主流10词/长尾6词）
Gemini使用教程,AI竞品词,使用教程,Gemini,中,0.72,2026-09最新排名重建（主流10词/长尾6词）
Gemini哪个好,AI竞品词,哪个好,Gemini,高,0.82,2026-09最新排名重建（主流10词/长尾6词）
Gemini评测,AI竞品词,评测,Gemini,中,0.67,2026-09最新排名重建（主流10词/长尾6词）
Gemini写周报,AI竞品词,写周报,Gemini,低,0.48,2026-09最新排名重建（主流10词/长尾6词）
Gemini写论文,AI竞品词,写论文,Gemini,低,0.48,2026-09最新排名重建（主流10词/长尾6词）
Claude是什么,AI竞品词,是什么,Claude,高,0.95,2026-09最新排名重建（主流10词/长尾6词）
Claude功能介绍,AI竞品词,功能介绍,Claude,高,0.95,2026-09最新排名重建（主流10词/长尾6词）
Claude官网,AI竞品词,官网,Claude,高,0.95,2026-09最新排名重建（主流10词/长尾6词）
Claude下载,AI竞品词,下载,Claude,高,0.76,2026-09最新排名重建（主流10词/长尾6词）
Claude怎么用,AI竞品词,怎么用,Claude,高,0.76,2026-09最新排名重建（主流10词/长尾6词）
Claude使用教程,AI竞品词,使用教程,Claude,中,0.71,2026-09最新排名重建（主流10词/长尾6词）
Claude哪个好,AI竞品词,哪个好,Claude,高,0.81,2026-09最新排名重建（主流10词/长尾6词）
Claude评测,AI竞品词,评测,Claude,中,0.66,2026-09最新排名重建（主流10词/长尾6词）
Claude写周报,AI竞品词,写周报,Claude,低,0.47,2026-09最新排名重建（主流10词/长尾6词）
Claude写论文,AI竞品词,写论文,Claude,低,0.47,2026-09最新排名重建（主流10词/长尾6词）
豆包是什么,AI竞品词,是什么,豆包,高,0.95,2026-09最新排名重建（主流10词/长尾6词）
豆包功能介绍,AI竞品词,功能介绍,豆包,高,0.95,2026-09最新排名重建（主流10词/长尾6词）
豆包官网,AI竞品词,官网,豆包,高,0.95,2026-09最新排名重建（主流10词/长尾6词）
豆包下载,AI竞品词,下载,豆包,高,0.76,2026-09最新排名重建（主流10词/长尾6词）
豆包怎么用,AI竞品词,怎么用,豆包,高,0.76,2026-09最新排名重建（主流10词/长尾6词）
豆包使用教程,AI竞品词,使用教程,豆包,中,0.71,2026-09最新排名重建（主流10词/长尾6词）
豆包哪个好,AI竞品词,哪个好,豆包,高,0.81,2026-09最新排名重建（主流10词/长尾6词）
豆包评测,AI竞品词,评测,豆包,中,0.66,2026-09最新排名重建（主流10词/长尾6词）
豆包写周报,AI竞品词,写周报,豆包,低,0.47,2026-09最新排名重建（主流10词/长尾6词）
豆包写论文,AI竞品词,写论文,豆包,低,0.47,2026-09最新排名重建（主流10词/长尾6词）
DeepSeek是什么,AI竞品词,是什么,DeepSeek,高,0.93,2026-09最新排名重建（主流10词/长尾6词）
DeepSeek功能介绍,AI竞品词,功能介绍,DeepSeek,高,0.93,2026-09最新排名重建（主流10词/长尾6词）
DeepSeek官网,AI竞品词,官网,DeepSeek,高,0.93,2026-09最新排名重建（主流10词/长尾6词）
DeepSeek下载,AI竞品词,下载,DeepSeek,中,0.74,2026-09最新排名重建（主流10词/长尾6词）
DeepSeek怎么用,AI竞品词,怎么用,DeepSeek,中,0.74,2026-09最新排名重建（主流10词/长尾6词）
DeepSeek本地部署,AI竞品词,本地部署,DeepSeek,中,0.74,2026-09最新排名重建（主流10词/长尾6词）
DeepSeek哪个好,AI竞品词,哪个好,DeepSeek,高,0.79,2026-09最新排名重建（主流10词/长尾6词）
DeepSeek评测,AI竞品词,评测,DeepSeek,中,0.65,2026-09最新排名重建（主流10词/长尾6词）
DeepSeek写周报,AI竞品词,写周报,DeepSeek,低,0.47,2026-09最新排名重建（主流10词/长尾6词）
DeepSeek写论文,AI竞品词,写论文,DeepSeek,低,0.47,2026-09最新排名重建（主流10词/长尾6词）
千问是什么,AI竞品词,是什么,千问,高,0.9,2026-09最新排名重建（主流10词/长尾6词）
千问功能介绍,AI竞品词,功能介绍,千问,高,0.9,2026-09最新排名重建（主流10词/长尾6词）
千问官网,AI竞品词,官网,千问,高,0.9,2026-09最新排名重建（主流10词/长尾6词）
千问下载,AI竞品词,下载,千问,中,0.72,2026-09最新排名重建（主流10词/长尾6词）
千问怎么用,AI竞品词,怎么用,千问,中,0.72,2026-09最新排名重建（主流10词/长尾6词）
千问使用教程,AI竞品词,使用教程,千问,中,0.68,2026-09最新排名重建（主流10词/长尾6词）
千问哪个好,AI竞品词,哪个好,千问,高,0.77,2026-09最新排名重建（主流10词/长尾6词）
千问评测,AI竞品词,评测,千问,中,0.63,2026-09最新排名重建（主流10词/长尾6词）
千问写周报,AI竞品词,写周报,千问,低,0.45,2026-09最新排名重建（主流10词/长尾6词）
千问写论文,AI竞品词,写论文,千问,低,0.45,2026-09最新排名重建（主流10词/长尾6词）
通义千问是什么,AI竞品词,是什么,通义千问,高,0.9,2026-09最新排名重建（主流10词/长尾6词）
通义千问功能介绍,AI竞品词,功能介绍,通义千问,高,0.9,2026-09最新排名重建（主流10词/长尾6词）
通义千问官网,AI竞品词,官网,通义千问,高,0.9,2026-09最新排名重建（主流10词/长尾6词）
通义千问下载,AI竞品词,下载,通义千问,中,0.72,2026-09最新排名重建（主流10词/长尾6词）
通义千问怎么用,AI竞品词,怎么用,通义千问,中,0.72,2026-09最新排名重建（主流10词/长尾6词）
通义千问使用教程,AI竞品词,使用教程,通义千问,中,0.68,2026-09最新排名重建（主流10词/长尾6词）
通义千问哪个好,AI竞品词,哪个好,通义千问,高,0.77,2026-09最新排名重建（主流10词/长尾6词）
通义千问评测,AI竞品词,评测,通义千问,中,0.63,2026-09最新排名重建（主流10词/长尾6词）
通义千问写周报,AI竞品词,写周报,通义千问,低,0.45,2026-09最新排名重建（主流10词/长尾6词）
通义千问写论文,AI竞品词,写论文,通义千问,低,0.45,2026-09最新排名重建（主流10词/长尾6词）
Kimi是什么,AI竞品词,是什么,Kimi,高,0.88,2026-09最新排名重建（主流10词/长尾6词）
Kimi功能介绍,AI竞品词,功能介绍,Kimi,高,0.88,2026-09最新排名重建（主流10词/长尾6词）
Kimi官网,AI竞品词,官网,Kimi,高,0.88,2026-09最新排名重建（主流10词/长尾6词）
Kimi下载,AI竞品词,下载,Kimi,中,0.7,2026-09最新排名重建（主流10词/长尾6词）
Kimi怎么用,AI竞品词,怎么用,Kimi,中,0.7,2026-09最新排名重建（主流10词/长尾6词）
Kimi使用教程,AI竞品词,使用教程,Kimi,中,0.66,2026-09最新排名重建（主流10词/长尾6词）
Kimi哪个好,AI竞品词,哪个好,Kimi,中,0.75,2026-09最新排名重建（主流10词/长尾6词）
Kimi评测,AI竞品词,评测,Kimi,中,0.62,2026-09最新排名重建（主流10词/长尾6词）
Kimi写周报,AI竞品词,写周报,Kimi,长尾极低,0.44,2026-09最新排名重建（主流10词/长尾6词）
Kimi写论文,AI竞品词,写论文,Kimi,长尾极低,0.44,2026-09最新排名重建（主流10词/长尾6词）
腾讯元宝是什么,AI竞品词,是什么,腾讯元宝,高,0.86,2026-09最新排名重建（主流10词/长尾6词）
腾讯元宝功能介绍,AI竞品词,功能介绍,腾讯元宝,高,0.86,2026-09最新排名重建（主流10词/长尾6词）
腾讯元宝官网,AI竞品词,官网,腾讯元宝,高,0.86,2026-09最新排名重建（主流10词/长尾6词）
腾讯元宝下载,AI竞品词,下载,腾讯元宝,中,0.69,2026-09最新排名重建（主流10词/长尾6词）
腾讯元宝怎么用,AI竞品词,怎么用,腾讯元宝,中,0.69,2026-09最新排名重建（主流10词/长尾6词）
腾讯元宝使用教程,AI竞品词,使用教程,腾讯元宝,中,0.65,2026-09最新排名重建（主流10词/长尾6词）
腾讯元宝哪个好,AI竞品词,哪个好,腾讯元宝,中,0.73,2026-09最新排名重建（主流10词/长尾6词）
腾讯元宝评测,AI竞品词,评测,腾讯元宝,中,0.6,2026-09最新排名重建（主流10词/长尾6词）
腾讯元宝写周报,AI竞品词,写周报,腾讯元宝,长尾极低,0.43,2026-09最新排名重建（主流10词/长尾6词）
腾讯元宝写论文,AI竞品词,写论文,腾讯元宝,长尾极低,0.43,2026-09最新排名重建（主流10词/长尾6词）
文心一言是什么,AI竞品词,是什么,文心一言,高,0.85,2026-09最新排名重建（主流10词/长尾6词）
文心一言功能介绍,AI竞品词,功能介绍,文心一言,高,0.85,2026-09最新排名重建（主流10词/长尾6词）
文心一言官网,AI竞品词,官网,文心一言,高,0.85,2026-09最新排名重建（主流10词/长尾6词）
文心一言下载,AI竞品词,下载,文心一言,中,0.68,2026-09最新排名重建（主流10词/长尾6词）
文心一言怎么用,AI竞品词,怎么用,文心一言,中,0.68,2026-09最新排名重建（主流10词/长尾6词）
文心一言使用教程,AI竞品词,使用教程,文心一言,中,0.64,2026-09最新排名重建（主流10词/长尾6词）
文心一言哪个好,AI竞品词,哪个好,文心一言,中,0.72,2026-09最新排名重建（主流10词/长尾6词）
文心一言评测,AI竞品词,评测,文心一言,低,0.59,2026-09最新排名重建（主流10词/长尾6词）
文心一言写周报,AI竞品词,写周报,文心一言,长尾极低,0.42,2026-09最新排名重建（主流10词/长尾6词）
文心一言写论文,AI竞品词,写论文,文心一言,长尾极低,0.42,2026-09最新排名重建（主流10词/长尾6词）
讯飞星火是什么,AI竞品词,是什么,讯飞星火,高,0.82,2026-09最新排名重建（主流10词/长尾6词）
讯飞星火功能介绍,AI竞品词,功能介绍,讯飞星火,高,0.82,2026-09最新排名重建（主流10词/长尾6词）
讯飞星火官网,AI竞品词,官网,讯飞星火,高,0.82,2026-09最新排名重建（主流10词/长尾6词）
讯飞星火下载,AI竞品词,下载,讯飞星火,中,0.66,2026-09最新排名重建（主流10词/长尾6词）
讯飞星火怎么用,AI竞品词,怎么用,讯飞星火,中,0.66,2026-09最新排名重建（主流10词/长尾6词）
讯飞星火使用教程,AI竞品词,使用教程,讯飞星火,中,0.61,2026-09最新排名重建（主流10词/长尾6词）
讯飞星火哪个好,AI竞品词,哪个好,讯飞星火,中,0.7,2026-09最新排名重建（主流10词/长尾6词）
讯飞星火评测,AI竞品词,评测,讯飞星火,低,0.57,2026-09最新排名重建（主流10词/长尾6词）
讯飞星火写周报,AI竞品词,写周报,讯飞星火,长尾极低,0.41,2026-09最新排名重建（主流10词/长尾6词）
讯飞星火写论文,AI竞品词,写论文,讯飞星火,长尾极低,0.41,2026-09最新排名重建（主流10词/长尾6词）
智谱清言是什么,AI竞品词,是什么,智谱清言,高,0.8,2026-09最新排名重建（主流10词/长尾6词）
智谱清言功能介绍,AI竞品词,功能介绍,智谱清言,高,0.8,2026-09最新排名重建（主流10词/长尾6词）
智谱清言官网,AI竞品词,官网,智谱清言,高,0.8,2026-09最新排名重建（主流10词/长尾6词）
智谱清言下载,AI竞品词,下载,智谱清言,中,0.64,2026-09最新排名重建（主流10词/长尾6词）
智谱清言怎么用,AI竞品词,怎么用,智谱清言,中,0.64,2026-09最新排名重建（主流10词/长尾6词）
智谱清言使用教程,AI竞品词,使用教程,智谱清言,中,0.6,2026-09最新排名重建（主流10词/长尾6词）
智谱清言哪个好,AI竞品词,哪个好,智谱清言,中,0.68,2026-09最新排名重建（主流10词/长尾6词）
智谱清言评测,AI竞品词,评测,智谱清言,低,0.56,2026-09最新排名重建（主流10词/长尾6词）
智谱清言写周报,AI竞品词,写周报,智谱清言,长尾极低,0.4,2026-09最新排名重建（主流10词/长尾6词）
智谱清言写论文,AI竞品词,写论文,智谱清言,长尾极低,0.4,2026-09最新排名重建（主流10词/长尾6词）
Grok是什么,AI竞品词,是什么,Grok,高,0.82,2026-09最新排名重建（主流10词/长尾6词）
Grok功能介绍,AI竞品词,功能介绍,Grok,高,0.82,2026-09最新排名重建（主流10词/长尾6词）
Grok官网,AI竞品词,官网,Grok,高,0.82,2026-09最新排名重建（主流10词/长尾6词）
Grok下载,AI竞品词,下载,Grok,中,0.66,2026-09最新排名重建（主流10词/长尾6词）
Grok怎么用,AI竞品词,怎么用,Grok,中,0.66,2026-09最新排名重建（主流10词/长尾6词）
Grok使用教程,AI竞品词,使用教程,Grok,中,0.61,2026-09最新排名重建（主流10词/长尾6词）
Grok哪个好,AI竞品词,哪个好,Grok,中,0.7,2026-09最新排名重建（主流10词/长尾6词）
Grok评测,AI竞品词,评测,Grok,低,0.57,2026-09最新排名重建（主流10词/长尾6词）
Grok写周报,AI竞品词,写周报,Grok,长尾极低,0.41,2026-09最新排名重建（主流10词/长尾6词）
Grok写论文,AI竞品词,写论文,Grok,长尾极低,0.41,2026-09最新排名重建（主流10词/长尾6词）
Character AI是什么,AI竞品词,是什么,Character AI,高,0.78,2026-09最新排名重建（主流10词/长尾6词）
Character AI官网,AI竞品词,官网,Character AI,高,0.78,2026-09最新排名重建（主流10词/长尾6词）
Character AI怎么用,AI竞品词,怎么用,Character AI,中,0.62,2026-09最新排名重建（主流10词/长尾6词）
Character AI哪个好,AI竞品词,哪个好,Character AI,中,0.66,2026-09最新排名重建（主流10词/长尾6词）
Character AI写周报,AI竞品词,写周报,Character AI,长尾极低,0.39,2026-09最新排名重建（主流10词/长尾6词）
Character AI写论文,AI竞品词,写论文,Character AI,长尾极低,0.39,2026-09最新排名重建（主流10词/长尾6词）
Meta AI是什么,AI竞品词,是什么,Meta AI,高,0.78,2026-09最新排名重建（主流10词/长尾6词）
Meta AI官网,AI竞品词,官网,Meta AI,高,0.78,2026-09最新排名重建（主流10词/长尾6词）
Meta AI怎么用,AI竞品词,怎么用,Meta AI,中,0.62,2026-09最新排名重建（主流10词/长尾6词）
Meta AI哪个好,AI竞品词,哪个好,Meta AI,中,0.66,2026-09最新排名重建（主流10词/长尾6词）
Meta AI写周报,AI竞品词,写周报,Meta AI,长尾极低,0.39,2026-09最新排名重建（主流10词/长尾6词）
Meta AI写论文,AI竞品词,写论文,Meta AI,长尾极低,0.39,2026-09最新排名重建（主流10词/长尾6词）
豆包大模型是什么,AI竞品词,是什么,豆包大模型,中,0.6,2026-09最新排名重建（主流10词/长尾6词）
豆包大模型官网,AI竞品词,官网,豆包大模型,中,0.6,2026-09最新排名重建（主流10词/长尾6词）
豆包大模型怎么用,AI竞品词,怎么用,豆包大模型,低,0.48,2026-09最新排名重建（主流10词/长尾6词）
豆包大模型哪个好,AI竞品词,哪个好,豆包大模型,低,0.51,2026-09最新排名重建（主流10词/长尾6词）
豆包大模型写周报,AI竞品词,写周报,豆包大模型,长尾极低,0.3,2026-09最新排名重建（主流10词/长尾6词）
豆包大模型写论文,AI竞品词,写论文,豆包大模型,长尾极低,0.3,2026-09最新排名重建（主流10词/长尾6词）
Qwen是什么,AI竞品词,是什么,Qwen,中,0.62,2026-09最新排名重建（主流10词/长尾6词）
Qwen官网,AI竞品词,官网,Qwen,中,0.62,2026-09最新排名重建（主流10词/长尾6词）
Qwen怎么用,AI竞品词,怎么用,Qwen,低,0.5,2026-09最新排名重建（主流10词/长尾6词）
Qwen哪个好,AI竞品词,哪个好,Qwen,低,0.53,2026-09最新排名重建（主流10词/长尾6词）
Qwen写周报,AI竞品词,写周报,Qwen,长尾极低,0.31,2026-09最新排名重建（主流10词/长尾6词）
Qwen写论文,AI竞品词,写论文,Qwen,长尾极低,0.31,2026-09最新排名重建（主流10词/长尾6词）
LLaMA是什么,AI竞品词,是什么,LLaMA,中,0.62,2026-09最新排名重建（主流10词/长尾6词）
LLaMA官网,AI竞品词,官网,LLaMA,中,0.62,2026-09最新排名重建（主流10词/长尾6词）
LLaMA怎么用,AI竞品词,怎么用,LLaMA,低,0.5,2026-09最新排名重建（主流10词/长尾6词）
LLaMA哪个好,AI竞品词,哪个好,LLaMA,低,0.53,2026-09最新排名重建（主流10词/长尾6词）
LLaMA写周报,AI竞品词,写周报,LLaMA,长尾极低,0.31,2026-09最新排名重建（主流10词/长尾6词）
LLaMA写论文,AI竞品词,写论文,LLaMA,长尾极低,0.31,2026-09最新排名重建（主流10词/长尾6词）
GPT-4是什么,AI竞品词,是什么,GPT-4,高,0.96,2026-09最新排名重建（主流10词/长尾6词）
GPT-4功能介绍,AI竞品词,功能介绍,GPT-4,高,0.96,2026-09最新排名重建（主流10词/长尾6词）
GPT-4官网,AI竞品词,官网,GPT-4,高,0.96,2026-09最新排名重建（主流10词/长尾6词）
GPT-4下载,AI竞品词,下载,GPT-4,高,0.77,2026-09最新排名重建（主流10词/长尾6词）
GPT-4怎么用,AI竞品词,怎么用,GPT-4,高,0.77,2026-09最新排名重建（主流10词/长尾6词）
GPT-4本地部署,AI竞品词,本地部署,GPT-4,高,0.77,2026-09最新排名重建（主流10词/长尾6词）
GPT-4哪个好,AI竞品词,哪个好,GPT-4,高,0.82,2026-09最新排名重建（主流10词/长尾6词）
GPT-4评测,AI竞品词,评测,GPT-4,中,0.67,2026-09最新排名重建（主流10词/长尾6词）
GPT-4写周报,AI竞品词,写周报,GPT-4,低,0.48,2026-09最新排名重建（主流10词/长尾6词）
GPT-4写论文,AI竞品词,写论文,GPT-4,低,0.48,2026-09最新排名重建（主流10词/长尾6词）
GPT-4o是什么,AI竞品词,是什么,GPT-4o,高,0.96,2026-09最新排名重建（主流10词/长尾6词）
GPT-4o功能介绍,AI竞品词,功能介绍,GPT-4o,高,0.96,2026-09最新排名重建（主流10词/长尾6词）
GPT-4o官网,AI竞品词,官网,GPT-4o,高,0.96,2026-09最新排名重建（主流10词/长尾6词）
GPT-4o下载,AI竞品词,下载,GPT-4o,高,0.77,2026-09最新排名重建（主流10词/长尾6词）
GPT-4o怎么用,AI竞品词,怎么用,GPT-4o,高,0.77,2026-09最新排名重建（主流10词/长尾6词）
GPT-4o本地部署,AI竞品词,本地部署,GPT-4o,高,0.77,2026-09最新排名重建（主流10词/长尾6词）
GPT-4o哪个好,AI竞品词,哪个好,GPT-4o,高,0.82,2026-09最新排名重建（主流10词/长尾6词）
GPT-4o评测,AI竞品词,评测,GPT-4o,中,0.67,2026-09最新排名重建（主流10词/长尾6词）
GPT-4o写周报,AI竞品词,写周报,GPT-4o,低,0.48,2026-09最新排名重建（主流10词/长尾6词）
GPT-4o写论文,AI竞品词,写论文,GPT-4o,低,0.48,2026-09最新排名重建（主流10词/长尾6词）
DeepSeek-R1是什么,AI竞品词,是什么,DeepSeek-R1,中,0.7,2026-09最新排名重建（主流10词/长尾6词）
DeepSeek-R1官网,AI竞品词,官网,DeepSeek-R1,中,0.7,2026-09最新排名重建（主流10词/长尾6词）
DeepSeek-R1怎么用,AI竞品词,怎么用,DeepSeek-R1,低,0.56,2026-09最新排名重建（主流10词/长尾6词）
DeepSeek-R1哪个好,AI竞品词,哪个好,DeepSeek-R1,低,0.59,2026-09最新排名重建（主流10词/长尾6词）
DeepSeek-R1写周报,AI竞品词,写周报,DeepSeek-R1,长尾极低,0.35,2026-09最新排名重建（主流10词/长尾6词）
DeepSeek-R1写论文,AI竞品词,写论文,DeepSeek-R1,长尾极低,0.35,2026-09最新排名重建（主流10词/长尾6词）
WorkBuddy是什么,AI竞品词,是什么,WorkBuddy,高,0.82,2026-09最新排名重建（主流10词/长尾6词）
WorkBuddy功能介绍,AI竞品词,功能介绍,WorkBuddy,高,0.82,2026-09最新排名重建（主流10词/长尾6词）
WorkBuddy官网,AI竞品词,官网,WorkBuddy,高,0.82,2026-09最新排名重建（主流10词/长尾6词）
WorkBuddy下载,AI竞品词,下载,WorkBuddy,中,0.66,2026-09最新排名重建（主流10词/长尾6词）
WorkBuddy怎么用,AI竞品词,怎么用,WorkBuddy,中,0.66,2026-09最新排名重建（主流10词/长尾6词）
WorkBuddy使用教程,AI竞品词,使用教程,WorkBuddy,中,0.61,2026-09最新排名重建（主流10词/长尾6词）
WorkBuddy哪个好,AI竞品词,哪个好,WorkBuddy,中,0.7,2026-09最新排名重建（主流10词/长尾6词）
WorkBuddy评测,AI竞品词,评测,WorkBuddy,低,0.57,2026-09最新排名重建（主流10词/长尾6词）
WorkBuddy写周报,AI竞品词,写周报,WorkBuddy,长尾极低,0.41,2026-09最新排名重建（主流10词/长尾6词）
WorkBuddy做PPT,AI竞品词,做PPT,WorkBuddy,长尾极低,0.41,2026-09最新排名重建（主流10词/长尾6词）
豆包工作是什么,AI竞品词,是什么,豆包工作,高,0.8,2026-09最新排名重建（主流10词/长尾6词）
豆包工作功能介绍,AI竞品词,功能介绍,豆包工作,高,0.8,2026-09最新排名重建（主流10词/长尾6词）
豆包工作官网,AI竞品词,官网,豆包工作,高,0.8,2026-09最新排名重建（主流10词/长尾6词）
豆包工作下载,AI竞品词,下载,豆包工作,中,0.64,2026-09最新排名重建（主流10词/长尾6词）
豆包工作怎么用,AI竞品词,怎么用,豆包工作,中,0.64,2026-09最新排名重建（主流10词/长尾6词）
豆包工作使用教程,AI竞品词,使用教程,豆包工作,中,0.6,2026-09最新排名重建（主流10词/长尾6词）
豆包工作哪个好,AI竞品词,哪个好,豆包工作,中,0.68,2026-09最新排名重建（主流10词/长尾6词）
豆包工作评测,AI竞品词,评测,豆包工作,低,0.56,2026-09最新排名重建（主流10词/长尾6词）
豆包工作写周报,AI竞品词,写周报,豆包工作,长尾极低,0.4,2026-09最新排名重建（主流10词/长尾6词）
豆包工作做PPT,AI竞品词,做PPT,豆包工作,长尾极低,0.4,2026-09最新排名重建（主流10词/长尾6词）
千问办公是什么,AI竞品词,是什么,千问办公,高,0.78,2026-09最新排名重建（主流10词/长尾6词）
千问办公功能介绍,AI竞品词,功能介绍,千问办公,高,0.78,2026-09最新排名重建（主流10词/长尾6词）
千问办公官网,AI竞品词,官网,千问办公,高,0.78,2026-09最新排名重建（主流10词/长尾6词）
千问办公下载,AI竞品词,下载,千问办公,中,0.62,2026-09最新排名重建（主流10词/长尾6词）
千问办公怎么用,AI竞品词,怎么用,千问办公,中,0.62,2026-09最新排名重建（主流10词/长尾6词）
千问办公使用教程,AI竞品词,使用教程,千问办公,低,0.58,2026-09最新排名重建（主流10词/长尾6词）
千问办公哪个好,AI竞品词,哪个好,千问办公,中,0.66,2026-09最新排名重建（主流10词/长尾6词）
千问办公评测,AI竞品词,评测,千问办公,低,0.55,2026-09最新排名重建（主流10词/长尾6词）
千问办公写周报,AI竞品词,写周报,千问办公,长尾极低,0.39,2026-09最新排名重建（主流10词/长尾6词）
千问办公做PPT,AI竞品词,做PPT,千问办公,长尾极低,0.39,2026-09最新排名重建（主流10词/长尾6词）
百度搭子是什么,AI竞品词,是什么,百度搭子,高,0.76,2026-09最新排名重建（主流10词/长尾6词）
百度搭子功能介绍,AI竞品词,功能介绍,百度搭子,高,0.76,2026-09最新排名重建（主流10词/长尾6词）
百度搭子官网,AI竞品词,官网,百度搭子,高,0.76,2026-09最新排名重建（主流10词/长尾6词）
百度搭子下载,AI竞品词,下载,百度搭子,中,0.61,2026-09最新排名重建（主流10词/长尾6词）
百度搭子怎么用,AI竞品词,怎么用,百度搭子,中,0.61,2026-09最新排名重建（主流10词/长尾6词）
百度搭子使用教程,AI竞品词,使用教程,百度搭子,低,0.57,2026-09最新排名重建（主流10词/长尾6词）
百度搭子哪个好,AI竞品词,哪个好,百度搭子,中,0.65,2026-09最新排名重建（主流10词/长尾6词）
百度搭子评测,AI竞品词,评测,百度搭子,低,0.53,2026-09最新排名重建（主流10词/长尾6词）
百度搭子写周报,AI竞品词,写周报,百度搭子,长尾极低,0.38,2026-09最新排名重建（主流10词/长尾6词）
百度搭子做PPT,AI竞品词,做PPT,百度搭子,长尾极低,0.38,2026-09最新排名重建（主流10词/长尾6词）
腾讯文档AI是什么,AI竞品词,是什么,腾讯文档AI,中,0.72,2026-09最新排名重建（主流10词/长尾6词）
腾讯文档AI官网,AI竞品词,官网,腾讯文档AI,中,0.72,2026-09最新排名重建（主流10词/长尾6词）
腾讯文档AI怎么用,AI竞品词,怎么用,腾讯文档AI,低,0.58,2026-09最新排名重建（主流10词/长尾6词）
腾讯文档AI哪个好,AI竞品词,哪个好,腾讯文档AI,中,0.61,2026-09最新排名重建（主流10词/长尾6词）
腾讯文档AI写周报,AI竞品词,写周报,腾讯文档AI,长尾极低,0.36,2026-09最新排名重建（主流10词/长尾6词）
腾讯文档AI做PPT,AI竞品词,做PPT,腾讯文档AI,长尾极低,0.36,2026-09最新排名重建（主流10词/长尾6词）
飞书AI是什么,AI竞品词,是什么,飞书AI,中,0.72,2026-09最新排名重建（主流10词/长尾6词）
飞书AI官网,AI竞品词,官网,飞书AI,中,0.72,2026-09最新排名重建（主流10词/长尾6词）
飞书AI怎么用,AI竞品词,怎么用,飞书AI,低,0.58,2026-09最新排名重建（主流10词/长尾6词）
飞书AI哪个好,AI竞品词,哪个好,飞书AI,中,0.61,2026-09最新排名重建（主流10词/长尾6词）
飞书AI写周报,AI竞品词,写周报,飞书AI,长尾极低,0.36,2026-09最新排名重建（主流10词/长尾6词）
飞书AI做PPT,AI竞品词,做PPT,飞书AI,长尾极低,0.36,2026-09最新排名重建（主流10词/长尾6词）
金山文档是什么,AI竞品词,是什么,金山文档,高,0.78,2026-09最新排名重建（主流10词/长尾6词）
金山文档官网,AI竞品词,官网,金山文档,高,0.78,2026-09最新排名重建（主流10词/长尾6词）
金山文档怎么用,AI竞品词,怎么用,金山文档,中,0.62,2026-09最新排名重建（主流10词/长尾6词）
金山文档哪个好,AI竞品词,哪个好,金山文档,中,0.66,2026-09最新排名重建（主流10词/长尾6词）
金山文档写周报,AI竞品词,写周报,金山文档,长尾极低,0.39,2026-09最新排名重建（主流10词/长尾6词）
金山文档做PPT,AI竞品词,做PPT,金山文档,长尾极低,0.39,2026-09最新排名重建（主流10词/长尾6词）
GitHub Copilot是什么,AI竞品词,是什么,GitHub Copilot,高,0.9,2026-09最新排名重建（主流10词/长尾6词）
GitHub Copilot功能介绍,AI竞品词,功能介绍,GitHub Copilot,高,0.9,2026-09最新排名重建（主流10词/长尾6词）
GitHub Copilot官网,AI竞品词,官网,GitHub Copilot,高,0.9,2026-09最新排名重建（主流10词/长尾6词）
GitHub Copilot下载,AI竞品词,下载,GitHub Copilot,中,0.72,2026-09最新排名重建（主流10词/长尾6词）
GitHub Copilot怎么用,AI竞品词,怎么用,GitHub Copilot,中,0.72,2026-09最新排名重建（主流10词/长尾6词）
GitHub CopilotAPI接入,AI竞品词,API接入,GitHub Copilot,中,0.72,2026-09最新排名重建（主流10词/长尾6词）
GitHub Copilot哪个好,AI竞品词,哪个好,GitHub Copilot,高,0.77,2026-09最新排名重建（主流10词/长尾6词）
GitHub Copilot评测,AI竞品词,评测,GitHub Copilot,中,0.63,2026-09最新排名重建（主流10词/长尾6词）
GitHub Copilot写代码,AI竞品词,写代码,GitHub Copilot,低,0.45,2026-09最新排名重建（主流10词/长尾6词）
GitHub Copilot写SQL,AI竞品词,写SQL,GitHub Copilot,低,0.45,2026-09最新排名重建（主流10词/长尾6词）
Cursor是什么,AI竞品词,是什么,Cursor,高,0.85,2026-09最新排名重建（主流10词/长尾6词）
Cursor功能介绍,AI竞品词,功能介绍,Cursor,高,0.85,2026-09最新排名重建（主流10词/长尾6词）
Cursor官网,AI竞品词,官网,Cursor,高,0.85,2026-09最新排名重建（主流10词/长尾6词）
Cursor下载,AI竞品词,下载,Cursor,中,0.68,2026-09最新排名重建（主流10词/长尾6词）
Cursor怎么用,AI竞品词,怎么用,Cursor,中,0.68,2026-09最新排名重建（主流10词/长尾6词）
CursorAPI接入,AI竞品词,API接入,Cursor,中,0.68,2026-09最新排名重建（主流10词/长尾6词）
Cursor哪个好,AI竞品词,哪个好,Cursor,中,0.72,2026-09最新排名重建（主流10词/长尾6词）
Cursor评测,AI竞品词,评测,Cursor,低,0.59,2026-09最新排名重建（主流10词/长尾6词）
Cursor写代码,AI竞品词,写代码,Cursor,长尾极低,0.42,2026-09最新排名重建（主流10词/长尾6词）
Cursor写SQL,AI竞品词,写SQL,Cursor,长尾极低,0.42,2026-09最新排名重建（主流10词/长尾6词）
通义灵码是什么,AI竞品词,是什么,通义灵码,高,0.8,2026-09最新排名重建（主流10词/长尾6词）
通义灵码功能介绍,AI竞品词,功能介绍,通义灵码,高,0.8,2026-09最新排名重建（主流10词/长尾6词）
通义灵码官网,AI竞品词,官网,通义灵码,高,0.8,2026-09最新排名重建（主流10词/长尾6词）
通义灵码下载,AI竞品词,下载,通义灵码,中,0.64,2026-09最新排名重建（主流10词/长尾6词）
通义灵码怎么用,AI竞品词,怎么用,通义灵码,中,0.64,2026-09最新排名重建（主流10词/长尾6词）
通义灵码API接入,AI竞品词,API接入,通义灵码,中,0.64,2026-09最新排名重建（主流10词/长尾6词）
通义灵码哪个好,AI竞品词,哪个好,通义灵码,中,0.68,2026-09最新排名重建（主流10词/长尾6词）
通义灵码评测,AI竞品词,评测,通义灵码,低,0.56,2026-09最新排名重建（主流10词/长尾6词）
通义灵码写代码,AI竞品词,写代码,通义灵码,长尾极低,0.4,2026-09最新排名重建（主流10词/长尾6词）
通义灵码写SQL,AI竞品词,写SQL,通义灵码,长尾极低,0.4,2026-09最新排名重建（主流10词/长尾6词）
Codex是什么,AI竞品词,是什么,Codex,高,0.8,2026-09最新排名重建（主流10词/长尾6词）
Codex功能介绍,AI竞品词,功能介绍,Codex,高,0.8,2026-09最新排名重建（主流10词/长尾6词）
Codex官网,AI竞品词,官网,Codex,高,0.8,2026-09最新排名重建（主流10词/长尾6词）
Codex下载,AI竞品词,下载,Codex,中,0.64,2026-09最新排名重建（主流10词/长尾6词）
Codex怎么用,AI竞品词,怎么用,Codex,中,0.64,2026-09最新排名重建（主流10词/长尾6词）
CodexAPI接入,AI竞品词,API接入,Codex,中,0.64,2026-09最新排名重建（主流10词/长尾6词）
Codex哪个好,AI竞品词,哪个好,Codex,中,0.68,2026-09最新排名重建（主流10词/长尾6词）
Codex评测,AI竞品词,评测,Codex,低,0.56,2026-09最新排名重建（主流10词/长尾6词）
Codex写代码,AI竞品词,写代码,Codex,长尾极低,0.4,2026-09最新排名重建（主流10词/长尾6词）
Codex写SQL,AI竞品词,写SQL,Codex,长尾极低,0.4,2026-09最新排名重建（主流10词/长尾6词）
Claude Code是什么,AI竞品词,是什么,Claude Code,高,0.78,2026-09最新排名重建（主流10词/长尾6词）
Claude Code功能介绍,AI竞品词,功能介绍,Claude Code,高,0.78,2026-09最新排名重建（主流10词/长尾6词）
Claude Code官网,AI竞品词,官网,Claude Code,高,0.78,2026-09最新排名重建（主流10词/长尾6词）
Claude Code下载,AI竞品词,下载,Claude Code,中,0.62,2026-09最新排名重建（主流10词/长尾6词）
Claude Code怎么用,AI竞品词,怎么用,Claude Code,中,0.62,2026-09最新排名重建（主流10词/长尾6词）
Claude CodeAPI接入,AI竞品词,API接入,Claude Code,中,0.62,2026-09最新排名重建（主流10词/长尾6词）
Claude Code哪个好,AI竞品词,哪个好,Claude Code,中,0.66,2026-09最新排名重建（主流10词/长尾6词）
Claude Code评测,AI竞品词,评测,Claude Code,低,0.55,2026-09最新排名重建（主流10词/长尾6词）
Claude Code写代码,AI竞品词,写代码,Claude Code,长尾极低,0.39,2026-09最新排名重建（主流10词/长尾6词）
Claude Code写SQL,AI竞品词,写SQL,Claude Code,长尾极低,0.39,2026-09最新排名重建（主流10词/长尾6词）
Windsurf是什么,AI竞品词,是什么,Windsurf,中,0.72,2026-09最新排名重建（主流10词/长尾6词）
Windsurf官网,AI竞品词,官网,Windsurf,中,0.72,2026-09最新排名重建（主流10词/长尾6词）
Windsurf怎么用,AI竞品词,怎么用,Windsurf,低,0.58,2026-09最新排名重建（主流10词/长尾6词）
Windsurf哪个好,AI竞品词,哪个好,Windsurf,中,0.61,2026-09最新排名重建（主流10词/长尾6词）
Windsurf写代码,AI竞品词,写代码,Windsurf,长尾极低,0.36,2026-09最新排名重建（主流10词/长尾6词）
Windsurf写SQL,AI竞品词,写SQL,Windsurf,长尾极低,0.36,2026-09最新排名重建（主流10词/长尾6词）
Trae是什么,AI竞品词,是什么,Trae,中,0.7,2026-09最新排名重建（主流10词/长尾6词）
Trae官网,AI竞品词,官网,Trae,中,0.7,2026-09最新排名重建（主流10词/长尾6词）
Trae怎么用,AI竞品词,怎么用,Trae,低,0.56,2026-09最新排名重建（主流10词/长尾6词）
Trae哪个好,AI竞品词,哪个好,Trae,低,0.59,2026-09最新排名重建（主流10词/长尾6词）
Trae写代码,AI竞品词,写代码,Trae,长尾极低,0.35,2026-09最新排名重建（主流10词/长尾6词）
Trae写SQL,AI竞品词,写SQL,Trae,长尾极低,0.35,2026-09最新排名重建（主流10词/长尾6词）
DeepSeek Coder是什么,AI竞品词,是什么,DeepSeek Coder,中,0.7,2026-09最新排名重建（主流10词/长尾6词）
DeepSeek Coder官网,AI竞品词,官网,DeepSeek Coder,中,0.7,2026-09最新排名重建（主流10词/长尾6词）
DeepSeek Coder怎么用,AI竞品词,怎么用,DeepSeek Coder,低,0.56,2026-09最新排名重建（主流10词/长尾6词）
DeepSeek Coder哪个好,AI竞品词,哪个好,DeepSeek Coder,低,0.59,2026-09最新排名重建（主流10词/长尾6词）
DeepSeek Coder写代码,AI竞品词,写代码,DeepSeek Coder,长尾极低,0.35,2026-09最新排名重建（主流10词/长尾6词）
DeepSeek Coder写SQL,AI竞品词,写SQL,DeepSeek Coder,长尾极低,0.35,2026-09最新排名重建（主流10词/长尾6词）
Fitten Code是什么,AI竞品词,是什么,Fitten Code,中,0.6,2026-09最新排名重建（主流10词/长尾6词）
Fitten Code官网,AI竞品词,官网,Fitten Code,中,0.6,2026-09最新排名重建（主流10词/长尾6词）
Fitten Code怎么用,AI竞品词,怎么用,Fitten Code,低,0.48,2026-09最新排名重建（主流10词/长尾6词）
Fitten Code哪个好,AI竞品词,哪个好,Fitten Code,低,0.51,2026-09最新排名重建（主流10词/长尾6词）
Fitten Code写代码,AI竞品词,写代码,Fitten Code,长尾极低,0.3,2026-09最新排名重建（主流10词/长尾6词）
Fitten Code写SQL,AI竞品词,写SQL,Fitten Code,长尾极低,0.3,2026-09最新排名重建（主流10词/长尾6词）
豆包MarsCode是什么,AI竞品词,是什么,豆包MarsCode,低,0.58,2026-09最新排名重建（主流10词/长尾6词）
豆包MarsCode官网,AI竞品词,官网,豆包MarsCode,低,0.58,2026-09最新排名重建（主流10词/长尾6词）
豆包MarsCode怎么用,AI竞品词,怎么用,豆包MarsCode,低,0.46,2026-09最新排名重建（主流10词/长尾6词）
豆包MarsCode哪个好,AI竞品词,哪个好,豆包MarsCode,低,0.49,2026-09最新排名重建（主流10词/长尾6词）
豆包MarsCode写代码,AI竞品词,写代码,豆包MarsCode,长尾极低,0.29,2026-09最新排名重建（主流10词/长尾6词）
豆包MarsCode写SQL,AI竞品词,写SQL,豆包MarsCode,长尾极低,0.29,2026-09最新排名重建（主流10词/长尾6词）
Midjourney是什么,AI竞品词,是什么,Midjourney,高,0.8,2026-09最新排名重建（主流10词/长尾6词）
Midjourney功能介绍,AI竞品词,功能介绍,Midjourney,高,0.8,2026-09最新排名重建（主流10词/长尾6词）
Midjourney官网,AI竞品词,官网,Midjourney,高,0.8,2026-09最新排名重建（主流10词/长尾6词）
Midjourney下载,AI竞品词,下载,Midjourney,中,0.64,2026-09最新排名重建（主流10词/长尾6词）
Midjourney怎么用,AI竞品词,怎么用,Midjourney,中,0.64,2026-09最新排名重建（主流10词/长尾6词）
Midjourney使用教程,AI竞品词,使用教程,Midjourney,中,0.6,2026-09最新排名重建（主流10词/长尾6词）
Midjourney哪个好,AI竞品词,哪个好,Midjourney,中,0.68,2026-09最新排名重建（主流10词/长尾6词）
Midjourney评测,AI竞品词,评测,Midjourney,低,0.56,2026-09最新排名重建（主流10词/长尾6词）
Midjourney生成头像,AI竞品词,生成头像,Midjourney,长尾极低,0.4,2026-09最新排名重建（主流10词/长尾6词）
Midjourney做海报,AI竞品词,做海报,Midjourney,长尾极低,0.4,2026-09最新排名重建（主流10词/长尾6词）
Stable Diffusion是什么,AI竞品词,是什么,Stable Diffusion,高,0.78,2026-09最新排名重建（主流10词/长尾6词）
Stable Diffusion功能介绍,AI竞品词,功能介绍,Stable Diffusion,高,0.78,2026-09最新排名重建（主流10词/长尾6词）
Stable Diffusion官网,AI竞品词,官网,Stable Diffusion,高,0.78,2026-09最新排名重建（主流10词/长尾6词）
Stable Diffusion下载,AI竞品词,下载,Stable Diffusion,中,0.62,2026-09最新排名重建（主流10词/长尾6词）
Stable Diffusion怎么用,AI竞品词,怎么用,Stable Diffusion,中,0.62,2026-09最新排名重建（主流10词/长尾6词）
Stable Diffusion使用教程,AI竞品词,使用教程,Stable Diffusion,低,0.58,2026-09最新排名重建（主流10词/长尾6词）
Stable Diffusion哪个好,AI竞品词,哪个好,Stable Diffusion,中,0.66,2026-09最新排名重建（主流10词/长尾6词）
Stable Diffusion评测,AI竞品词,评测,Stable Diffusion,低,0.55,2026-09最新排名重建（主流10词/长尾6词）
Stable Diffusion生成头像,AI竞品词,生成头像,Stable Diffusion,长尾极低,0.39,2026-09最新排名重建（主流10词/长尾6词）
Stable Diffusion做海报,AI竞品词,做海报,Stable Diffusion,长尾极低,0.39,2026-09最新排名重建（主流10词/长尾6词）
即梦是什么,AI竞品词,是什么,即梦,高,0.82,2026-09最新排名重建（主流10词/长尾6词）
即梦功能介绍,AI竞品词,功能介绍,即梦,高,0.82,2026-09最新排名重建（主流10词/长尾6词）
即梦官网,AI竞品词,官网,即梦,高,0.82,2026-09最新排名重建（主流10词/长尾6词）
即梦下载,AI竞品词,下载,即梦,中,0.66,2026-09最新排名重建（主流10词/长尾6词）
即梦怎么用,AI竞品词,怎么用,即梦,中,0.66,2026-09最新排名重建（主流10词/长尾6词）
即梦使用教程,AI竞品词,使用教程,即梦,中,0.61,2026-09最新排名重建（主流10词/长尾6词）
即梦哪个好,AI竞品词,哪个好,即梦,中,0.7,2026-09最新排名重建（主流10词/长尾6词）
即梦评测,AI竞品词,评测,即梦,低,0.57,2026-09最新排名重建（主流10词/长尾6词）
即梦生成头像,AI竞品词,生成头像,即梦,长尾极低,0.41,2026-09最新排名重建（主流10词/长尾6词）
即梦做海报,AI竞品词,做海报,即梦,长尾极低,0.41,2026-09最新排名重建（主流10词/长尾6词）
通义万相是什么,AI竞品词,是什么,通义万相,高,0.78,2026-09最新排名重建（主流10词/长尾6词）
通义万相功能介绍,AI竞品词,功能介绍,通义万相,高,0.78,2026-09最新排名重建（主流10词/长尾6词）
通义万相官网,AI竞品词,官网,通义万相,高,0.78,2026-09最新排名重建（主流10词/长尾6词）
通义万相下载,AI竞品词,下载,通义万相,中,0.62,2026-09最新排名重建（主流10词/长尾6词）
通义万相怎么用,AI竞品词,怎么用,通义万相,中,0.62,2026-09最新排名重建（主流10词/长尾6词）
通义万相使用教程,AI竞品词,使用教程,通义万相,低,0.58,2026-09最新排名重建（主流10词/长尾6词）
通义万相哪个好,AI竞品词,哪个好,通义万相,中,0.66,2026-09最新排名重建（主流10词/长尾6词）
通义万相评测,AI竞品词,评测,通义万相,低,0.55,2026-09最新排名重建（主流10词/长尾6词）
通义万相生成头像,AI竞品词,生成头像,通义万相,长尾极低,0.39,2026-09最新排名重建（主流10词/长尾6词）
通义万相做海报,AI竞品词,做海报,通义万相,长尾极低,0.39,2026-09最新排名重建（主流10词/长尾6词）
文心一格是什么,AI竞品词,是什么,文心一格,中,0.7,2026-09最新排名重建（主流10词/长尾6词）
文心一格官网,AI竞品词,官网,文心一格,中,0.7,2026-09最新排名重建（主流10词/长尾6词）
文心一格怎么用,AI竞品词,怎么用,文心一格,低,0.56,2026-09最新排名重建（主流10词/长尾6词）
文心一格哪个好,AI竞品词,哪个好,文心一格,低,0.59,2026-09最新排名重建（主流10词/长尾6词）
文心一格生成头像,AI竞品词,生成头像,文心一格,长尾极低,0.35,2026-09最新排名重建（主流10词/长尾6词）
文心一格做海报,AI竞品词,做海报,文心一格,长尾极低,0.35,2026-09最新排名重建（主流10词/长尾6词）
DALL·E是什么,AI竞品词,是什么,DALL·E,高,0.75,2026-09最新排名重建（主流10词/长尾6词）
DALL·E官网,AI竞品词,官网,DALL·E,高,0.75,2026-09最新排名重建（主流10词/长尾6词）
DALL·E怎么用,AI竞品词,怎么用,DALL·E,中,0.6,2026-09最新排名重建（主流10词/长尾6词）
DALL·E哪个好,AI竞品词,哪个好,DALL·E,中,0.64,2026-09最新排名重建（主流10词/长尾6词）
DALL·E生成头像,AI竞品词,生成头像,DALL·E,长尾极低,0.38,2026-09最新排名重建（主流10词/长尾6词）
DALL·E做海报,AI竞品词,做海报,DALL·E,长尾极低,0.38,2026-09最新排名重建（主流10词/长尾6词）
WHEE是什么,AI竞品词,是什么,WHEE,中,0.7,2026-09最新排名重建（主流10词/长尾6词）
WHEE官网,AI竞品词,官网,WHEE,中,0.7,2026-09最新排名重建（主流10词/长尾6词）
WHEE怎么用,AI竞品词,怎么用,WHEE,低,0.56,2026-09最新排名重建（主流10词/长尾6词）
WHEE哪个好,AI竞品词,哪个好,WHEE,低,0.59,2026-09最新排名重建（主流10词/长尾6词）
WHEE生成头像,AI竞品词,生成头像,WHEE,长尾极低,0.35,2026-09最新排名重建（主流10词/长尾6词）
WHEE做海报,AI竞品词,做海报,WHEE,长尾极低,0.35,2026-09最新排名重建（主流10词/长尾6词）
ComfyUI是什么,AI竞品词,是什么,ComfyUI,中,0.68,2026-09最新排名重建（主流10词/长尾6词）
ComfyUI官网,AI竞品词,官网,ComfyUI,中,0.68,2026-09最新排名重建（主流10词/长尾6词）
ComfyUI怎么用,AI竞品词,怎么用,ComfyUI,低,0.54,2026-09最新排名重建（主流10词/长尾6词）
ComfyUI哪个好,AI竞品词,哪个好,ComfyUI,低,0.58,2026-09最新排名重建（主流10词/长尾6词）
ComfyUI生成头像,AI竞品词,生成头像,ComfyUI,长尾极低,0.34,2026-09最新排名重建（主流10词/长尾6词）
ComfyUI做海报,AI竞品词,做海报,ComfyUI,长尾极低,0.34,2026-09最新排名重建（主流10词/长尾6词）
醒图是什么,AI竞品词,是什么,醒图,中,0.7,2026-09最新排名重建（主流10词/长尾6词）
醒图官网,AI竞品词,官网,醒图,中,0.7,2026-09最新排名重建（主流10词/长尾6词）
醒图怎么用,AI竞品词,怎么用,醒图,低,0.56,2026-09最新排名重建（主流10词/长尾6词）
醒图哪个好,AI竞品词,哪个好,醒图,低,0.59,2026-09最新排名重建（主流10词/长尾6词）
醒图生成头像,AI竞品词,生成头像,醒图,长尾极低,0.35,2026-09最新排名重建（主流10词/长尾6词）
醒图做海报,AI竞品词,做海报,醒图,长尾极低,0.35,2026-09最新排名重建（主流10词/长尾6词）
剪映是什么,AI竞品词,是什么,剪映,高,0.9,2026-09最新排名重建（主流10词/长尾6词）
剪映功能介绍,AI竞品词,功能介绍,剪映,高,0.9,2026-09最新排名重建（主流10词/长尾6词）
剪映官网,AI竞品词,官网,剪映,高,0.9,2026-09最新排名重建（主流10词/长尾6词）
剪映下载,AI竞品词,下载,剪映,中,0.72,2026-09最新排名重建（主流10词/长尾6词）
剪映怎么用,AI竞品词,怎么用,剪映,中,0.72,2026-09最新排名重建（主流10词/长尾6词）
剪映使用教程,AI竞品词,使用教程,剪映,中,0.68,2026-09最新排名重建（主流10词/长尾6词）
剪映哪个好,AI竞品词,哪个好,剪映,高,0.77,2026-09最新排名重建（主流10词/长尾6词）
剪映评测,AI竞品词,评测,剪映,中,0.63,2026-09最新排名重建（主流10词/长尾6词）
剪映剪视频,AI竞品词,剪视频,剪映,低,0.45,2026-09最新排名重建（主流10词/长尾6词）
剪映生成数字人,AI竞品词,生成数字人,剪映,低,0.45,2026-09最新排名重建（主流10词/长尾6词）
剪映AI是什么,AI竞品词,是什么,剪映AI,高,0.88,2026-09最新排名重建（主流10词/长尾6词）
剪映AI功能介绍,AI竞品词,功能介绍,剪映AI,高,0.88,2026-09最新排名重建（主流10词/长尾6词）
剪映AI官网,AI竞品词,官网,剪映AI,高,0.88,2026-09最新排名重建（主流10词/长尾6词）
剪映AI下载,AI竞品词,下载,剪映AI,中,0.7,2026-09最新排名重建（主流10词/长尾6词）
剪映AI怎么用,AI竞品词,怎么用,剪映AI,中,0.7,2026-09最新排名重建（主流10词/长尾6词）
剪映AI使用教程,AI竞品词,使用教程,剪映AI,中,0.66,2026-09最新排名重建（主流10词/长尾6词）
剪映AI哪个好,AI竞品词,哪个好,剪映AI,中,0.75,2026-09最新排名重建（主流10词/长尾6词）
剪映AI评测,AI竞品词,评测,剪映AI,中,0.62,2026-09最新排名重建（主流10词/长尾6词）
剪映AI剪视频,AI竞品词,剪视频,剪映AI,长尾极低,0.44,2026-09最新排名重建（主流10词/长尾6词）
剪映AI生成数字人,AI竞品词,生成数字人,剪映AI,长尾极低,0.44,2026-09最新排名重建（主流10词/长尾6词）
可灵是什么,AI竞品词,是什么,可灵,高,0.78,2026-09最新排名重建（主流10词/长尾6词）
可灵功能介绍,AI竞品词,功能介绍,可灵,高,0.78,2026-09最新排名重建（主流10词/长尾6词）
可灵官网,AI竞品词,官网,可灵,高,0.78,2026-09最新排名重建（主流10词/长尾6词）
可灵下载,AI竞品词,下载,可灵,中,0.62,2026-09最新排名重建（主流10词/长尾6词）
可灵怎么用,AI竞品词,怎么用,可灵,中,0.62,2026-09最新排名重建（主流10词/长尾6词）
可灵使用教程,AI竞品词,使用教程,可灵,低,0.58,2026-09最新排名重建（主流10词/长尾6词）
可灵哪个好,AI竞品词,哪个好,可灵,中,0.66,2026-09最新排名重建（主流10词/长尾6词）
可灵评测,AI竞品词,评测,可灵,低,0.55,2026-09最新排名重建（主流10词/长尾6词）
可灵剪视频,AI竞品词,剪视频,可灵,长尾极低,0.39,2026-09最新排名重建（主流10词/长尾6词）
可灵生成数字人,AI竞品词,生成数字人,可灵,长尾极低,0.39,2026-09最新排名重建（主流10词/长尾6词）
快影是什么,AI竞品词,是什么,快影,高,0.76,2026-09最新排名重建（主流10词/长尾6词）
快影功能介绍,AI竞品词,功能介绍,快影,高,0.76,2026-09最新排名重建（主流10词/长尾6词）
快影官网,AI竞品词,官网,快影,高,0.76,2026-09最新排名重建（主流10词/长尾6词）
快影下载,AI竞品词,下载,快影,中,0.61,2026-09最新排名重建（主流10词/长尾6词）
快影怎么用,AI竞品词,怎么用,快影,中,0.61,2026-09最新排名重建（主流10词/长尾6词）
快影使用教程,AI竞品词,使用教程,快影,低,0.57,2026-09最新排名重建（主流10词/长尾6词）
快影哪个好,AI竞品词,哪个好,快影,中,0.65,2026-09最新排名重建（主流10词/长尾6词）
快影评测,AI竞品词,评测,快影,低,0.53,2026-09最新排名重建（主流10词/长尾6词）
快影剪视频,AI竞品词,剪视频,快影,长尾极低,0.38,2026-09最新排名重建（主流10词/长尾6词）
快影生成数字人,AI竞品词,生成数字人,快影,长尾极低,0.38,2026-09最新排名重建（主流10词/长尾6词）
Runway是什么,AI竞品词,是什么,Runway,中,0.74,2026-09最新排名重建（主流10词/长尾6词）
Runway功能介绍,AI竞品词,功能介绍,Runway,中,0.74,2026-09最新排名重建（主流10词/长尾6词）
Runway官网,AI竞品词,官网,Runway,中,0.74,2026-09最新排名重建（主流10词/长尾6词）
Runway下载,AI竞品词,下载,Runway,低,0.59,2026-09最新排名重建（主流10词/长尾6词）
Runway怎么用,AI竞品词,怎么用,Runway,低,0.59,2026-09最新排名重建（主流10词/长尾6词）
Runway使用教程,AI竞品词,使用教程,Runway,低,0.55,2026-09最新排名重建（主流10词/长尾6词）
Runway哪个好,AI竞品词,哪个好,Runway,中,0.63,2026-09最新排名重建（主流10词/长尾6词）
Runway评测,AI竞品词,评测,Runway,低,0.52,2026-09最新排名重建（主流10词/长尾6词）
Runway剪视频,AI竞品词,剪视频,Runway,长尾极低,0.37,2026-09最新排名重建（主流10词/长尾6词）
Runway生成数字人,AI竞品词,生成数字人,Runway,长尾极低,0.37,2026-09最新排名重建（主流10词/长尾6词）
Pika是什么,AI竞品词,是什么,Pika,中,0.7,2026-09最新排名重建（主流10词/长尾6词）
Pika官网,AI竞品词,官网,Pika,中,0.7,2026-09最新排名重建（主流10词/长尾6词）
Pika怎么用,AI竞品词,怎么用,Pika,低,0.56,2026-09最新排名重建（主流10词/长尾6词）
Pika哪个好,AI竞品词,哪个好,Pika,低,0.59,2026-09最新排名重建（主流10词/长尾6词）
Pika剪视频,AI竞品词,剪视频,Pika,长尾极低,0.35,2026-09最新排名重建（主流10词/长尾6词）
Pika生成数字人,AI竞品词,生成数字人,Pika,长尾极低,0.35,2026-09最新排名重建（主流10词/长尾6词）
PixVerse是什么,AI竞品词,是什么,PixVerse,中,0.7,2026-09最新排名重建（主流10词/长尾6词）
PixVerse官网,AI竞品词,官网,PixVerse,中,0.7,2026-09最新排名重建（主流10词/长尾6词）
PixVerse怎么用,AI竞品词,怎么用,PixVerse,低,0.56,2026-09最新排名重建（主流10词/长尾6词）
PixVerse哪个好,AI竞品词,哪个好,PixVerse,低,0.59,2026-09最新排名重建（主流10词/长尾6词）
PixVerse剪视频,AI竞品词,剪视频,PixVerse,长尾极低,0.35,2026-09最新排名重建（主流10词/长尾6词）
PixVerse生成数字人,AI竞品词,生成数字人,PixVerse,长尾极低,0.35,2026-09最新排名重建（主流10词/长尾6词）
美图Wink是什么,AI竞品词,是什么,美图Wink,中,0.7,2026-09最新排名重建（主流10词/长尾6词）
美图Wink官网,AI竞品词,官网,美图Wink,中,0.7,2026-09最新排名重建（主流10词/长尾6词）
美图Wink怎么用,AI竞品词,怎么用,美图Wink,低,0.56,2026-09最新排名重建（主流10词/长尾6词）
美图Wink哪个好,AI竞品词,哪个好,美图Wink,低,0.59,2026-09最新排名重建（主流10词/长尾6词）
美图Wink剪视频,AI竞品词,剪视频,美图Wink,长尾极低,0.35,2026-09最新排名重建（主流10词/长尾6词）
美图Wink生成数字人,AI竞品词,生成数字人,美图Wink,长尾极低,0.35,2026-09最新排名重建（主流10词/长尾6词）
HeyGen是什么,AI竞品词,是什么,HeyGen,中,0.72,2026-09最新排名重建（主流10词/长尾6词）
HeyGen官网,AI竞品词,官网,HeyGen,中,0.72,2026-09最新排名重建（主流10词/长尾6词）
HeyGen怎么用,AI竞品词,怎么用,HeyGen,低,0.58,2026-09最新排名重建（主流10词/长尾6词）
HeyGen哪个好,AI竞品词,哪个好,HeyGen,中,0.61,2026-09最新排名重建（主流10词/长尾6词）
HeyGen剪视频,AI竞品词,剪视频,HeyGen,长尾极低,0.36,2026-09最新排名重建（主流10词/长尾6词）
HeyGen生成数字人,AI竞品词,生成数字人,HeyGen,长尾极低,0.36,2026-09最新排名重建（主流10词/长尾6词）
海螺AI是什么,AI竞品词,是什么,海螺AI,中,0.72,2026-09最新排名重建（主流10词/长尾6词）
海螺AI官网,AI竞品词,官网,海螺AI,中,0.72,2026-09最新排名重建（主流10词/长尾6词）
海螺AI怎么用,AI竞品词,怎么用,海螺AI,低,0.58,2026-09最新排名重建（主流10词/长尾6词）
海螺AI哪个好,AI竞品词,哪个好,海螺AI,中,0.61,2026-09最新排名重建（主流10词/长尾6词）
海螺AI剪视频,AI竞品词,剪视频,海螺AI,长尾极低,0.36,2026-09最新排名重建（主流10词/长尾6词）
海螺AI生成数字人,AI竞品词,生成数字人,海螺AI,长尾极低,0.36,2026-09最新排名重建（主流10词/长尾6词）
ElevenLabs是什么,AI竞品词,是什么,ElevenLabs,高,0.75,2026-09最新排名重建（主流10词/长尾6词）
ElevenLabs功能介绍,AI竞品词,功能介绍,ElevenLabs,高,0.75,2026-09最新排名重建（主流10词/长尾6词）
ElevenLabs官网,AI竞品词,官网,ElevenLabs,高,0.75,2026-09最新排名重建（主流10词/长尾6词）
ElevenLabs下载,AI竞品词,下载,ElevenLabs,中,0.6,2026-09最新排名重建（主流10词/长尾6词）
ElevenLabs怎么用,AI竞品词,怎么用,ElevenLabs,中,0.6,2026-09最新排名重建（主流10词/长尾6词）
ElevenLabs使用教程,AI竞品词,使用教程,ElevenLabs,低,0.56,2026-09最新排名重建（主流10词/长尾6词）
ElevenLabs哪个好,AI竞品词,哪个好,ElevenLabs,中,0.64,2026-09最新排名重建（主流10词/长尾6词）
ElevenLabs评测,AI竞品词,评测,ElevenLabs,低,0.52,2026-09最新排名重建（主流10词/长尾6词）
ElevenLabs配音,AI竞品词,配音,ElevenLabs,长尾极低,0.38,2026-09最新排名重建（主流10词/长尾6词）
ElevenLabs生成音乐,AI竞品词,生成音乐,ElevenLabs,长尾极低,0.38,2026-09最新排名重建（主流10词/长尾6词）
讯飞是什么,AI竞品词,是什么,讯飞,高,0.8,2026-09最新排名重建（主流10词/长尾6词）
讯飞功能介绍,AI竞品词,功能介绍,讯飞,高,0.8,2026-09最新排名重建（主流10词/长尾6词）
讯飞官网,AI竞品词,官网,讯飞,高,0.8,2026-09最新排名重建（主流10词/长尾6词）
讯飞下载,AI竞品词,下载,讯飞,中,0.64,2026-09最新排名重建（主流10词/长尾6词）
讯飞怎么用,AI竞品词,怎么用,讯飞,中,0.64,2026-09最新排名重建（主流10词/长尾6词）
讯飞使用教程,AI竞品词,使用教程,讯飞,中,0.6,2026-09最新排名重建（主流10词/长尾6词）
讯飞哪个好,AI竞品词,哪个好,讯飞,中,0.68,2026-09最新排名重建（主流10词/长尾6词）
讯飞评测,AI竞品词,评测,讯飞,低,0.56,2026-09最新排名重建（主流10词/长尾6词）
讯飞配音,AI竞品词,配音,讯飞,长尾极低,0.4,2026-09最新排名重建（主流10词/长尾6词）
讯飞生成音乐,AI竞品词,生成音乐,讯飞,长尾极低,0.4,2026-09最新排名重建（主流10词/长尾6词）
Perplexity是什么,AI竞品词,是什么,Perplexity,高,0.8,2026-09最新排名重建（主流10词/长尾6词）
Perplexity功能介绍,AI竞品词,功能介绍,Perplexity,高,0.8,2026-09最新排名重建（主流10词/长尾6词）
Perplexity官网,AI竞品词,官网,Perplexity,高,0.8,2026-09最新排名重建（主流10词/长尾6词）
Perplexity下载,AI竞品词,下载,Perplexity,中,0.64,2026-09最新排名重建（主流10词/长尾6词）
Perplexity怎么用,AI竞品词,怎么用,Perplexity,中,0.64,2026-09最新排名重建（主流10词/长尾6词）
Perplexity使用教程,AI竞品词,使用教程,Perplexity,中,0.6,2026-09最新排名重建（主流10词/长尾6词）
Perplexity哪个好,AI竞品词,哪个好,Perplexity,中,0.68,2026-09最新排名重建（主流10词/长尾6词）
Perplexity评测,AI竞品词,评测,Perplexity,低,0.56,2026-09最新排名重建（主流10词/长尾6词）
Perplexity查资料,AI竞品词,查资料,Perplexity,长尾极低,0.4,2026-09最新排名重建（主流10词/长尾6词）
Perplexity搜索答案,AI竞品词,搜索答案,Perplexity,长尾极低,0.4,2026-09最新排名重建（主流10词/长尾6词）
秘塔AI是什么,AI竞品词,是什么,秘塔AI,中,0.72,2026-09最新排名重建（主流10词/长尾6词）
秘塔AI官网,AI竞品词,官网,秘塔AI,中,0.72,2026-09最新排名重建（主流10词/长尾6词）
秘塔AI怎么用,AI竞品词,怎么用,秘塔AI,低,0.58,2026-09最新排名重建（主流10词/长尾6词）
秘塔AI哪个好,AI竞品词,哪个好,秘塔AI,中,0.61,2026-09最新排名重建（主流10词/长尾6词）
秘塔AI查资料,AI竞品词,查资料,秘塔AI,长尾极低,0.36,2026-09最新排名重建（主流10词/长尾6词）
秘塔AI搜索答案,AI竞品词,搜索答案,秘塔AI,长尾极低,0.36,2026-09最新排名重建（主流10词/长尾6词）
纳米AI是什么,AI竞品词,是什么,纳米AI,中,0.72,2026-09最新排名重建（主流10词/长尾6词）
纳米AI官网,AI竞品词,官网,纳米AI,中,0.72,2026-09最新排名重建（主流10词/长尾6词）
纳米AI怎么用,AI竞品词,怎么用,纳米AI,低,0.58,2026-09最新排名重建（主流10词/长尾6词）
纳米AI哪个好,AI竞品词,哪个好,纳米AI,中,0.61,2026-09最新排名重建（主流10词/长尾6词）
纳米AI查资料,AI竞品词,查资料,纳米AI,长尾极低,0.36,2026-09最新排名重建（主流10词/长尾6词）
纳米AI搜索答案,AI竞品词,搜索答案,纳米AI,长尾极低,0.36,2026-09最新排名重建（主流10词/长尾6词）
夸克AI是什么,AI竞品词,是什么,夸克AI,中,0.72,2026-09最新排名重建（主流10词/长尾6词）
夸克AI官网,AI竞品词,官网,夸克AI,中,0.72,2026-09最新排名重建（主流10词/长尾6词）
夸克AI怎么用,AI竞品词,怎么用,夸克AI,低,0.58,2026-09最新排名重建（主流10词/长尾6词）
夸克AI哪个好,AI竞品词,哪个好,夸克AI,中,0.61,2026-09最新排名重建（主流10词/长尾6词）
夸克AI查资料,AI竞品词,查资料,夸克AI,长尾极低,0.36,2026-09最新排名重建（主流10词/长尾6词）
夸克AI搜索答案,AI竞品词,搜索答案,夸克AI,长尾极低,0.36,2026-09最新排名重建（主流10词/长尾6词）
天工AI是什么,AI竞品词,是什么,天工AI,中,0.66,2026-09最新排名重建（主流10词/长尾6词）
天工AI官网,AI竞品词,官网,天工AI,中,0.66,2026-09最新排名重建（主流10词/长尾6词）
天工AI怎么用,AI竞品词,怎么用,天工AI,低,0.53,2026-09最新排名重建（主流10词/长尾6词）
天工AI哪个好,AI竞品词,哪个好,天工AI,低,0.56,2026-09最新排名重建（主流10词/长尾6词）
天工AI查资料,AI竞品词,查资料,天工AI,长尾极低,0.33,2026-09最新排名重建（主流10词/长尾6词）
天工AI搜索答案,AI竞品词,搜索答案,天工AI,长尾极低,0.33,2026-09最新排名重建（主流10词/长尾6词）
360AI搜索是什么,AI竞品词,是什么,360AI搜索,中,0.66,2026-09最新排名重建（主流10词/长尾6词）
360AI搜索官网,AI竞品词,官网,360AI搜索,中,0.66,2026-09最新排名重建（主流10词/长尾6词）
360AI搜索怎么用,AI竞品词,怎么用,360AI搜索,低,0.53,2026-09最新排名重建（主流10词/长尾6词）
360AI搜索哪个好,AI竞品词,哪个好,360AI搜索,低,0.56,2026-09最新排名重建（主流10词/长尾6词）
360AI搜索查资料,AI竞品词,查资料,360AI搜索,长尾极低,0.33,2026-09最新排名重建（主流10词/长尾6词）
360AI搜索搜索答案,AI竞品词,搜索答案,360AI搜索,长尾极低,0.33,2026-09最新排名重建（主流10词/长尾6词）
NotebookLM是什么,AI竞品词,是什么,NotebookLM,中,0.72,2026-09最新排名重建（主流10词/长尾6词）
NotebookLM官网,AI竞品词,官网,NotebookLM,中,0.72,2026-09最新排名重建（主流10词/长尾6词）
NotebookLM怎么用,AI竞品词,怎么用,NotebookLM,低,0.58,2026-09最新排名重建（主流10词/长尾6词）
NotebookLM哪个好,AI竞品词,哪个好,NotebookLM,中,0.61,2026-09最新排名重建（主流10词/长尾6词）
NotebookLM查资料,AI竞品词,查资料,NotebookLM,长尾极低,0.36,2026-09最新排名重建（主流10词/长尾6词）
NotebookLM搜索答案,AI竞品词,搜索答案,NotebookLM,长尾极低,0.36,2026-09最新排名重建（主流10词/长尾6词）
